timestamp,underlying_symbol,option_symbol,option_type,K,T,market_price,implied_volatility,bid,ask,mid_price,volume,open_interest,expiration_date,lastTradeDate,change,percentChange,inTheMoney,contractSize,currency,downloaded_at,source,S,return_1d,return_5d,realized_volatility,r,dividend_yield,sentiment_score,spread,relative_spread,moneyness,log_moneyness
2026-05-05T00:00:00Z,SPY,SPY260529C00658000,call,658.0,0.06575342465753424,77.42,0.3753724572753906,75.03,77.85,76.44,11.0,495.0,2026-05-29,2026-05-07 18:04:36+00:00,8.220001,11.878615,True,REGULAR,USD,2026-05-07T20:54:04+00:00,yfinance,723.77001953125,0.0080221858849922,0.0169737063165198,0.1216768442297367,0.0395,0.0,,2.819999999999993,0.036891679748822515,1.0999544369775835,0.09526875801698498
2026-05-05T00:00:00Z,SPY,SPY260529C00664000,call,664.0,0.06575342465753424,71.58,0.3555972644042968,69.15,71.97,70.56,41.0,816.0,2026-05-29,2026-05-07 18:04:36+00:00,-0.9700012,-1.3370106,True,REGULAR,USD,2026-05-07T20:54:04+00:00,yfinance,723.77001953125,0.0080221858849922,0.0169737063165198,0.1216768442297367,0.0395,0.0,,2.819999999999993,0.03996598639455772,1.090015089655497,0.08619153986586835
2026-05-05T00:00:00Z,SPY,SPY260529C00670000,call,670.0,0.06575342465753424,64.53,0.336371382446289,63.31,66.13,64.72,18.0,3399.0,2026-05-29,2026-05-07 18:17:46+00:00,-1.9700012,-2.9624078,True,REGULAR,USD,2026-05-07T20:54:04+00:00,yfinance,723.77001953125,0.0080221858849922,0.0169737063165198,0.1216768442297367,0.0395,0.0,,2.819999999999993,0.04357231149567357,1.080253760494403,0.0771959769572904
2026-05-05T00:00:00Z,SPY,SPY260529C00679000,call,679.0,0.06575342465753424,56.34,0.3081123876953124,54.62,57.44,56.03,44.0,750.0,2026-05-29,2026-05-07 17:07:29+00:00,0.02999878,0.053274337,True,REGULAR,USD,2026-05-07T20:54:04+00:00,yfinance,723.77001953125,0.0080221858849922,0.0169737063165198,0.1216768442297367,0.0395,0.0,,2.8200000000000003,0.050330180260574696,1.0659352275865244,0.06385256178360614
2026-05-05T00:00:00Z,SPY,SPY260529C00680000,call,680.0,0.06575342465753424,53.72,0.3052437640380859,53.67,56.49,55.08,41.0,2487.0,2026-05-29,2026-05-07 17:51:13+00:00,-3.4799995,-6.0839148,True,REGULAR,USD,2026-05-07T20:54:04+00:00,yfinance,723.77001953125,0.0080221858849922,0.0169737063165198,0.1216768442297367,0.0395,0.0,,2.8200000000000003,0.05119825708061003,1.06436767578125,0.06238089117214974
2026-05-05T00:00:00Z,SPY,SPY260529C00681000,call,681.0,0.06575342465753424,51.3,0.3021004849243164,52.71,55.53,54.120000000000005,11.0,697.0,2026-05-29,2026-05-06 18:57:45+00:00,-4.049999,-7.3170724,True,REGULAR,USD,2026-05-07T20:54:04+00:00,yfinance,723.77001953125,0.0080221858849922,0.0169737063165198,0.1216768442297367,0.0395,0.0,,2.8200000000000003,0.052106430155210645,1.0628047276523496,0.060911383192789915
2026-05-05T00:00:00Z,SPY,SPY260529C00683000,call,683.0,0.06575342465753424,51.68,0.2959665130615234,50.81,53.62,52.215,14.0,331.0,2026-05-29,2026-05-07 17:41:17+00:00,-3.0999985,-5.658997,True,REGULAR,USD,2026-05-07T20:54:04+00:00,yfinance,723.77001953125,0.0080221858849922,0.0169737063165198,0.1216768442297367,0.0395,0.0,,2.809999999999995,0.053815953270133006,1.0596925615391655,0.05797882977151216
2026-05-05T00:00:00Z,SPY,SPY260529C00684000,call,684.0,0.06575342465753424,50.73,0.2929758203124999,49.86,52.67,51.265,13.0,1563.0,2026-05-29,2026-05-07 17:41:17+00:00,-2.3500023,-4.427284,True,REGULAR,USD,2026-05-07T20:54:04+00:00,yfinance,723.77001953125,0.0080221858849922,0.0169737063165198,0.1216768442297367,0.0395,0.0,,2.8100000000000023,0.054813225397444695,1.0581433034082601,0.05651577171975165
2026-05-05T00:00:00Z,SPY,SPY260529C00685000,call,685.0,0.06575342465753424,50.08,0.2636487210083008,48.91,50.53,49.72,18.0,1471.0,2026-05-29,2026-05-07 20:05:29+00:00,-2.2799988,-4.354467,True,REGULAR,USD,2026-05-07T20:54:04+00:00,yfinance,723.77001953125,0.0080221858849922,0.0169737063165198,0.1216768442297367,0.0395,0.0,,1.6200000000000045,0.0325824617860017,1.0565985686587591,0.05505485108007691
2026-05-05T00:00:00Z,SPY,SPY260529C00690000,call,690.0,0.06575342465753424,45.7,0.2754589056396483,44.21,47.02,45.615,29.0,2871.0,2026-05-29,2026-05-07 20:06:20+00:00,-0.6899986,-1.4873866,True,REGULAR,USD,2026-05-07T20:54:04+00:00,yfinance,723.77001953125,0.0080221858849922,0.0169737063165198,0.1216768442297367,0.0395,0.0,,2.8100000000000023,0.061602543023128405,1.0489420572916666,0.04778209175099704
2026-05-05T00:00:00Z,SPY,SPY260529C00695000,call,695.0,0.06575342465753424,40.85,0.2612378564453125,39.57,42.38,40.975,34.0,3728.0,2026-05-29,2026-05-07 20:08:52+00:00,-3.2400017,-7.3486094,True,REGULAR,USD,2026-05-07T20:54:04+00:00,yfinance,723.77001953125,0.0080221858849922,0.0169737063165198,0.1216768442297367,0.0395,0.0,,2.8100000000000023,0.06857840146430756,1.0413957115557555,0.040561843777510175
2026-05-05T00:00:00Z,SPY,SPY260529C00696000,call,696.0,0.06575342465753424,39.97,0.2583997500610352,38.66,41.46,40.06,13.0,616.0,2026-05-29,2026-05-07 20:08:52+00:00,-2.2599983,-5.3516417,True,REGULAR,USD,2026-05-07T20:54:04+00:00,yfinance,723.77001953125,0.0080221858849922,0.0169737063165198,0.1216768442297367,0.0395,0.0,,2.8000000000000043,0.06989515726410395,1.0398994533494972,0.039124029007882616
2026-05-05T00:00:00Z,SPY,SPY260529C00697000,call,697.0,0.06575342465753424,38.48,0.2440261145019531,37.74,39.93,38.835,15.0,821.0,2026-05-29,2026-05-07 16:57:30+00:00,-2.8300018,-6.8506455,True,REGULAR,USD,2026-05-07T20:54:04+00:00,yfinance,723.77001953125,0.0080221858849922,0.0169737063165198,0.1216768442297367,0.0395,0.0,,2.1899999999999977,0.056392429509463056,1.038407488567073,0.037688278581778256
2026-05-05T00:00:00Z,SPY,SPY260529C00700000,call,700.0,0.06575342465753424,36.31,0.2409133526611327,35.02,37.46,36.24,72.0,7971.0,2026-05-29,2026-05-07 20:12:10+00:00,-2.2999992,-5.957004,True,REGULAR,USD,2026-05-07T20:54:04+00:00,yfinance,723.77001953125,0.0080221858849922,0.0169737063165198,0.1216768442297367,0.0395,0.0,,2.4399999999999977,0.06732891832229573,1.0339571707589286,0.03339335429889753
2026-05-05T00:00:00Z,SPY,SPY260529C00701000,call,701.0,0.06575342465753424,33.91,0.2315750671386718,34.12,36.19,35.155,15.0,509.0,2026-05-29,2026-05-07 19:25:38+00:00,-2.6800003,-7.324406,True,REGULAR,USD,2026-05-07T20:54:04+00:00,yfinance,723.77001953125,0.0080221858849922,0.0169737063165198,0.1216768442297367,0.0395,0.0,,2.0700000000000003,0.058882093585549716,1.0324821961929387,0.03196580230771214
2026-05-05T00:00:00Z,SPY,SPY260529C00703000,call,703.0,0.06575342465753424,32.24,0.2395095581054687,32.33,35.14,33.735,42.0,448.0,2026-05-29,2026-05-07 17:54:13+00:00,-4.029999,-11.111108,True,REGULAR,USD,2026-05-07T20:54:04+00:00,yfinance,723.77001953125,0.0080221858849922,0.0169737063165198,0.1216768442297367,0.0395,0.0,,2.8100000000000023,0.0832962798280718,1.0295448357485775,0.029116797531637248
2026-05-05T00:00:00Z,SPY,SPY260529C00705000,call,705.0,0.06575342465753424,31.15,0.2344131735229492,30.57,33.38,31.975,82.0,1714.0,2026-05-29,2026-05-07 20:00:12+00:00,-2.9699993,-8.704571,True,REGULAR,USD,2026-05-07T20:54:04+00:00,yfinance,723.77001953125,0.0080221858849922,0.0169737063165198,0.1216768442297367,0.0395,0.0,,2.8100000000000023,0.08788115715402665,1.026624141179078,0.026275886530033505
2026-05-05T00:00:00Z,SPY,SPY260529C00706000,call,706.0,0.06575342465753424,32.26,0.2317581707763671,29.69,32.5,31.095,12.0,620.0,2026-05-29,2026-05-07 16:34:40+00:00,0.36999893,1.160235,True,REGULAR,USD,2026-05-07T20:54:04+00:00,yfinance,723.77001953125,0.0080221858849922,0.0169737063165198,0.1216768442297367,0.0395,0.0,,2.8099999999999987,0.09036822640295863,1.0251699993360481,0.024858451849060104
2026-05-05T00:00:00Z,SPY,SPY260529C00707000,call,707.0,0.06575342465753424,29.44,0.2291947198486328,28.82,31.63,30.225,14.0,504.0,2026-05-29,2026-05-07 17:19:27+00:00,-3.2399998,-9.91432,True,REGULAR,USD,2026-05-07T20:54:04+00:00,yfinance,723.77001953125,0.0080221858849922,0.0169737063165198,0.1216768442297367,0.0395,0.0,,2.8099999999999987,0.0929693961952026,1.0237199710484441,0.023443023445729464
2026-05-05T00:00:00Z,SPY,SPY260529C00708000,call,708.0,0.06575342465753424,28.56,0.2267533380126953,27.96,30.77,29.365000000000002,75.0,883.0,2026-05-29,2026-05-07 19:52:03+00:00,-2.67,-8.549472,True,REGULAR,USD,2026-05-07T20:54:04+00:00,yfinance,723.77001953125,0.0080221858849922,0.0169737063165198,0.1216768442297367,0.0395,0.0,,2.8099999999999987,0.09569215051932568,1.0222740388859464,0.022029595648582485
2026-05-05T00:00:00Z,SPY,SPY260529C00709000,call,709.0,0.06575342465753424,27.4,0.2242204043579101,27.1,29.91,28.505000000000003,12.0,1036.0,2026-05-29,2026-05-07 19:04:06+00:00,-3.3600006,-10.923279,True,REGULAR,USD,2026-05-07T20:54:04+00:00,yfinance,723.77001953125,0.0080221858849922,0.0169737063165198,0.1216768442297367,0.0395,0.0,,2.8099999999999987,0.09857919663216974,1.0208321855165727,0.0206181628101748
2026-05-05T00:00:00Z,SPY,SPY260529C00710000,call,710.0,0.06575342465753424,26.6,0.2216264361572265,26.25,29.05,27.65,115.0,3355.0,2026-05-29,2026-05-07 20:01:17+00:00,-3.3999996,-11.333332,True,REGULAR,USD,2026-05-07T20:54:04+00:00,yfinance,723.77001953125,0.0080221858849922,0.0169737063165198,0.1216768442297367,0.0395,0.0,,2.8000000000000007,0.10126582278481015,1.019394393705986,0.01920871930694113
2026-05-05T00:00:00Z,SPY,SPY260529C00711000,call,711.0,0.06575342465753424,25.88,0.2192460888671875,25.4,28.21,26.805,10.0,1124.0,2026-05-29,2026-05-07 16:03:26+00:00,-2.8900013,-10.04519,True,REGULAR,USD,2026-05-07T20:54:04+00:00,yfinance,723.77001953125,0.0080221858849922,0.0169737063165198,0.1216768442297367,0.0395,0.0,,2.8100000000000023,0.10483118821115472,1.0179606463168074,0.017801259539061396
2026-05-05T00:00:00Z,SPY,SPY260529C00712000,call,712.0,0.06575342465753424,26.03,0.2152483261108398,24.57,27.27,25.92,18.0,1233.0,2026-05-29,2026-05-07 16:21:40+00:00,-2.2299995,-7.8910103,True,REGULAR,USD,2026-05-07T20:54:04+00:00,yfinance,723.77001953125,0.0080221858849922,0.0169737063165198,0.1216768442297367,0.0395,0.0,,2.6999999999999993,0.10416666666666663,1.0165309263079354,0.016395777930326448
2026-05-05T00:00:00Z,SPY,SPY260529C00713000,call,713.0,0.06575342465753424,24.35,0.2127459097290039,23.73,26.43,25.08,12.0,1227.0,2026-05-29,2026-05-07 18:42:01+00:00,-3.08,-11.228581,True,REGULAR,USD,2026-05-07T20:54:04+00:00,yfinance,723.77001953125,0.0080221858849922,0.0169737063165198,0.1216768442297367,0.0395,0.0,,2.6999999999999993,0.10765550239234448,1.015105216733871,0.014992268928006298
2026-05-05T00:00:00Z,SPY,SPY260529C00714000,call,714.0,0.06575342465753424,26.89,0.2104571142578125,22.9,25.61,24.255,12.0,809.0,2026-05-29,2026-05-07 14:52:16+00:00,0.48999977,1.8560598,True,REGULAR,USD,2026-05-07T20:54:04+00:00,yfinance,723.77001953125,0.0080221858849922,0.0169737063165198,0.1216768442297367,0.0395,0.0,,2.710000000000001,0.11172954030096892,1.0136835007440477,0.013590727002717873
2026-05-05T00:00:00Z,SPY,SPY260529C00715000,call,715.0,0.06575342465753424,22.6,0.205787971496582,22.39,24.64,23.515,155.0,2324.0,2026-05-29,2026-05-07 19:10:46+00:00,-3.1299992,-12.164784,True,REGULAR,USD,2026-05-07T20:54:04+00:00,yfinance,723.77001953125,0.0080221858849922,0.0169737063165198,0.1216768442297367,0.0395,0.0,,2.25,0.0956836062088029,1.0122657615821677,0.012191146648294465
2026-05-05T00:00:00Z,SPY,SPY260529C00716000,call,716.0,0.06575342465753424,21.96,0.2057269369506835,21.28,23.98,22.630000000000003,69.0,986.0,2026-05-29,2026-05-07 17:43:02+00:00,-2.7200012,-11.021074,True,REGULAR,USD,2026-05-07T20:54:04+00:00,yfinance,723.77001953125,0.0080221858849922,0.0169737063165198,0.1216768442297367,0.0395,0.0,,2.6999999999999993,0.11931064958020322,1.0108519825855447,0.01079352238165655
2026-05-05T00:00:00Z,SPY,SPY260529C00717000,call,717.0,0.06575342465753424,21.75,0.2001727932739258,20.73,22.96,21.845,265.0,19690.0,2026-05-29,2026-05-07 20:02:34+00:00,-2.1399994,-8.957721,True,REGULAR,USD,2026-05-07T20:54:04+00:00,yfinance,723.77001953125,0.0080221858849922,0.0169737063165198,0.1216768442297367,0.0395,0.0,,2.2300000000000004,0.10208285648889909,1.009442147184449,0.00939784874268178
2026-05-05T00:00:00Z,SPY,SPY260529C00718000,call,718.0,0.06575342465753424,21.0,0.1973652041625976,19.99,22.13,21.06,37.0,507.0,2026-05-29,2026-05-07 20:07:47+00:00,-2.3500004,-10.064241,True,REGULAR,USD,2026-05-07T20:54:04+00:00,yfinance,723.77001953125,0.0080221858849922,0.0169737063165198,0.1216768442297367,0.0395,0.0,,2.1400000000000006,0.10161443494776831,1.0080362389014623,0.008004120294077951
2026-05-05T00:00:00Z,SPY,SPY260529C00719000,call,719.0,0.06575342465753424,19.44,0.1990436541748046,19.02,21.61,20.314999999999998,80.0,612.0,2026-05-29,2026-05-07 18:10:39+00:00,-1.5499992,-7.384465,True,REGULAR,USD,2026-05-07T20:54:04+00:00,yfinance,723.77001953125,0.0080221858849922,0.0169737063165198,0.1216768442297367,0.0395,0.0,,2.59,0.12749200098449423,1.0066342413508345,0.006612331621255484
2026-05-05T00:00:00Z,SPY,SPY260529C00720000,call,720.0,0.06575342465753424,19.38,0.192818130493164,18.53,20.56,19.545,519.0,5877.0,2026-05-29,2026-05-07 20:09:30+00:00,-2.4500008,-11.223091,True,REGULAR,USD,2026-05-07T20:54:04+00:00,yfinance,723.77001953125,0.0080221858849922,0.0169737063165198,0.1216768442297367,0.0395,0.0,,2.0299999999999976,0.10386288053210527,1.0052361382378472,0.005222477332201177
2026-05-05T00:00:00Z,SPY,SPY260529C00721000,call,721.0,0.06575342465753424,17.79,0.183052603149414,18.19,19.27,18.73,132.0,1018.0,2026-05-29,2026-05-07 17:33:29+00:00,-3.1099987,-14.880377,True,REGULAR,USD,2026-05-07T20:54:04+00:00,yfinance,723.77001953125,0.0080221858849922,0.0169737063165198,0.1216768442297367,0.0395,0.0,,1.0799999999999983,0.05766150560597962,1.003841913358183,0.0038345520573531203
2026-05-05T00:00:00Z,SPY,SPY260529C00722000,call,722.0,0.06575342465753424,17.3,0.1792074267578124,17.36,18.39,17.875,36.0,1178.0,2026-05-29,2026-05-07 17:25:55+00:00,-2.1400013,-11.008237,True,REGULAR,USD,2026-05-07T20:54:04+00:00,yfinance,723.77001953125,0.0080221858849922,0.0169737063165198,0.1216768442297367,0.0395,0.0,,1.0300000000000011,0.057622377622377687,1.002451550597299,0.002448550449475876
2026-05-05T00:00:00Z,SPY,SPY260529C00723000,call,723.0,0.06575342465753424,16.33,0.1769186312866211,17.14,17.63,17.384999999999998,35.0,979.0,2026-05-29,2026-05-07 17:27:48+00:00,-3.0599995,-15.781328,True,REGULAR,USD,2026-05-07T20:54:04+00:00,yfinance,723.77001953125,0.0080221858849922,0.0169737063165198,0.1216768442297367,0.0395,0.0,,0.48999999999999844,0.028185217141213602,1.0010650339298064,0.0010644671835375486
2026-05-05T00:00:00Z,SPY,SPY260529C00724000,call,724.0,0.06575342465753424,15.89,0.1750875949096679,15.91,16.91,16.41,72.0,1522.0,2026-05-29,2026-05-07 19:31:09+00:00,-2.6799994,-14.431876,True,REGULAR,USD,2026-05-07T20:54:04+00:00,yfinance,723.77001953125,0.0080221858849922,0.0169737063165198,0.1216768442297367,0.0395,0.0,,1.0,0.06093845216331505,0.9996823474188536,-0.00031770304341410534
2026-05-05T00:00:00Z,SPY,SPY260529C00725000,call,725.0,0.06575342465753424,15.79,0.1788717367553711,15.15,16.6,15.875,361.0,5103.0,2026-05-29,2026-05-07 20:08:08+00:00,-1.6699991,-9.564714,True,REGULAR,USD,2026-05-07T20:54:04+00:00,yfinance,723.77001953125,0.0080221858849922,0.0169737063165198,0.1216768442297367,0.0395,0.0,,1.450000000000001,0.09133858267716542,0.9983034752155172,-0.0016979655123726006
2026-05-05T00:00:00Z,SPY,SPY260529C00726000,call,726.0,0.06575342465753424,14.49,0.1833882931518554,14.58,16.36,15.469999999999999,24.0,965.0,2026-05-29,2026-05-07 19:42:15+00:00,-2.4099998,-14.260354,True,REGULAR,USD,2026-05-07T20:54:04+00:00,yfinance,723.77001953125,0.0080221858849922,0.0169737063165198,0.1216768442297367,0.0395,0.0,,1.7799999999999994,0.1150614091790562,0.9969284015581956,-0.0030763254824938543
2026-05-05T00:00:00Z,SPY,SPY260529C00727000,call,727.0,0.06575342465753424,13.55,0.1809163940429687,13.3,15.63,14.465,22.0,873.0,2026-05-29,2026-05-07 20:01:27+00:00,-2.87,-17.478685,True,REGULAR,USD,2026-05-07T20:54:04+00:00,yfinance,723.77001953125,0.0080221858849922,0.0169737063165198,0.1216768442297367,0.0395,0.0,,2.33,0.16107846526097477,0.9955571107720083,-0.004452788191217155
2026-05-05T00:00:00Z,SPY,SPY260529C00728000,call,728.0,0.06575342465753424,13.19,0.1708456939697266,13.64,14.36,14.0,34.0,1199.0,2026-05-29,2026-05-07 19:39:41+00:00,-2.3400002,-15.067613,True,REGULAR,USD,2026-05-07T20:54:04+00:00,yfinance,723.77001953125,0.0080221858849922,0.0169737063165198,0.1216768442297367,0.0395,0.0,,0.7199999999999989,0.051428571428571344,0.9941895872682005,-0.00582735885438381
2026-05-05T00:00:00Z,SPY,SPY260529C00729000,call,729.0,0.06575342465753424,12.47,0.176766044921875,12.63,14.26,13.445,15.0,939.0,2026-05-29,2026-05-07 19:31:34+00:00,-2.54,-16.922052,True,REGULAR,USD,2026-05-07T20:54:04+00:00,yfinance,723.77001953125,0.0080221858849922,0.0169737063165198,0.1216768442297367,0.0395,0.0,,1.629999999999999,0.12123465972480468,0.9928258155435528,-0.007200042666355996
2026-05-05T00:00:00Z,SPY,SPY260529C00730000,call,730.0,0.06575342465753424,12.31,0.1602867175292968,12.33,12.54,12.434999999999999,1243.0,6144.0,2026-05-29,2026-05-07 20:09:30+00:00,-1.6899996,-12.071425,True,REGULAR,USD,2026-05-07T20:54:04+00:00,yfinance,723.77001953125,0.0080221858849922,0.0169737063165198,0.1216768442297367,0.0395,0.0,,0.20999999999999908,0.01688781664656205,0.9914657801797945,-0.008570844800134652
2026-05-05T00:00:00Z,SPY,SPY260529C00731000,call,731.0,0.06575342465753424,12.1,0.1631248239135742,11.71,12.24,11.975000000000001,461.0,1391.0,2026-05-29,2026-05-07 20:02:44+00:00,-1.5899992,-11.614312,True,REGULAR,USD,2026-05-07T20:54:04+00:00,yfinance,723.77001953125,0.0080221858849922,0.0169737063165198,0.1216768442297367,0.0395,0.0,,0.5299999999999994,0.04425887265135694,0.9901094658430233,-0.009939770407476269
2026-05-05T00:00:00Z,SPY,SPY260529C00732000,call,732.0,0.06575342465753424,11.16,0.1555260229492187,11.14,11.19,11.165,650.0,1369.0,2026-05-29,2026-05-07 20:06:39+00:00,-1.8699999,-14.351496,False,REGULAR,USD,2026-05-07T20:54:04+00:00,yfinance,723.77001953125,0.0080221858849922,0.0169737063165198,0.1216768442297367,0.0395,0.0,,0.049999999999998934,0.004478280340349211,0.9887568572831285,-0.011306824619009313
2026-05-05T00:00:00Z,SPY,SPY260529C00733000,call,733.0,0.06575342465753424,10.88,0.1538780902099609,10.53,10.59,10.559999999999999,37960.0,37587.0,2026-05-29,2026-05-07 20:02:44+00:00,-1.3400002,-10.9656315,False,REGULAR,USD,2026-05-07T20:54:04+00:00,yfinance,723.77001953125,0.0080221858849922,0.0169737063165198,0.1216768442297367,0.0395,0.0,,0.0600000000000005,0.00568181818181823,0.9874079393332197,-0.012672012544349244
2026-05-05T00:00:00Z,SPY,SPY260529C00734000,call,734.0,0.06575342465753424,10.04,0.1521691229248047,9.95,10.0,9.975,717.0,1025.0,2026-05-29,2026-05-07 20:02:57+00:00,-1.5100002,-13.073595,False,REGULAR,USD,2026-05-07T20:54:04+00:00,yfinance,723.77001953125,0.0080221858849922,0.0169737063165198,0.1216768442297367,0.0395,0.0,,0.05000000000000071,0.005012531328320874,0.9860626969090599,-0.014035339272213421
2026-05-05T00:00:00Z,SPY,SPY260529C00735000,call,735.0,0.06575342465753424,9.3,0.1505364488220215,9.37,9.43,9.399999999999999,1993.0,20290.0,2026-05-29,2026-05-07 20:13:16+00:00,-1.5500002,-14.285715,False,REGULAR,USD,2026-05-07T20:54:04+00:00,yfinance,723.77001953125,0.0080221858849922,0.0169737063165198,0.1216768442297367,0.0395,0.0,,0.0600000000000005,0.006382978723404309,0.9847211150085035,-0.015396809870534415
2026-05-05T00:00:00Z,SPY,SPY260529C00736000,call,736.0,0.06575342465753424,8.32,0.1488427401733398,8.82,8.87,8.844999999999999,918.0,1242.0,2026-05-29,2026-05-07 19:42:23+00:00,-2.2400007,-21.212128,False,REGULAR,USD,2026-05-07T20:54:04+00:00,yfinance,723.77001953125,0.0080221858849922,0.0169737063165198,0.1216768442297367,0.0395,0.0,,0.049999999999998934,0.005652911249293267,0.9833831787109375,-0.016756429386574033
2026-05-05T00:00:00Z,SPY,SPY260529C00737000,call,737.0,0.06575342465753424,7.8,0.1473168765258789,8.29,8.34,8.315,478.0,1342.0,2026-05-29,2026-05-07 19:42:23+00:00,-2.2600002,-22.46521,False,REGULAR,USD,2026-05-07T20:54:04+00:00,yfinance,723.77001953125,0.0080221858849922,0.0169737063165198,0.1216768442297367,0.0395,0.0,,0.05000000000000071,0.00601322910402895,0.98204887317673,-0.01811420284703443
2026-05-05T00:00:00Z,SPY,SPY260529C00738000,call,738.0,0.06575342465753424,7.89,0.1456079092407226,7.77,7.81,7.789999999999999,554.0,922.0,2026-05-29,2026-05-07 20:02:44+00:00,-1.31,-14.239131,False,REGULAR,USD,2026-05-07T20:54:04+00:00,yfinance,723.77001953125,0.0080221858849922,0.0169737063165198,0.1216768442297367,0.0395,0.0,,0.040000000000000036,0.005134788189987168,0.9807181836466802,-0.019470135258170332
2026-05-05T00:00:00Z,SPY,SPY260529C00739000,call,739.0,0.06575342465753424,6.77,0.1442041146850585,7.27,7.32,7.295,345.0,1323.0,2026-05-29,2026-05-07 20:01:04+00:00,-1.8899999,-21.824478,False,REGULAR,USD,2026-05-07T20:54:04+00:00,yfinance,723.77001953125,0.0080221858849922,0.0169737063165198,0.1216768442297367,0.0395,0.0,,0.05000000000000071,0.006854009595613531,0.979391095441475,-0.020824231605899576
2026-05-05T00:00:00Z,SPY,SPY260529C00740000,call,740.0,0.06575342465753424,6.76,0.142739285583496,6.79,6.84,6.8149999999999995,38921.0,5795.0,2026-05-29,2026-05-07 20:11:52+00:00,-1.4499998,-17.661386,False,REGULAR,USD,2026-05-07T20:54:04+00:00,yfinance,723.77001953125,0.0080221858849922,0.0169737063165198,0.1216768442297367,0.0395,0.0,,0.04999999999999982,0.007336757153338199,0.9780675939611486,-0.022176496855913264
2026-05-05T00:00:00Z,SPY,SPY260529C00741000,call,741.0,0.06575342465753424,6.53,0.1413049737548828,6.33,6.38,6.355,263.0,704.0,2026-05-29,2026-05-07 20:02:44+00:00,-1.1799998,-15.304797,False,REGULAR,USD,2026-05-07T20:54:04+00:00,yfinance,723.77001953125,0.0080221858849922,0.0169737063165198,0.1216768442297367,0.0395,0.0,,0.04999999999999982,0.00786782061368998,0.9767476646845479,-0.023526935953784713
2026-05-05T00:00:00Z,SPY,SPY260529C00742000,call,742.0,0.06575342465753424,5.92,0.1399011791992187,5.89,5.94,5.915,511.0,3210.0,2026-05-29,2026-05-07 20:14:45+00:00,-1.4200001,-19.346048,False,REGULAR,USD,2026-05-07T20:54:04+00:00,yfinance,723.77001953125,0.0080221858849922,0.0169737063165198,0.1216768442297367,0.0395,0.0,,0.05000000000000071,0.00845308537616242,0.9754312931688005,-0.024875553825078275
2026-05-05T00:00:00Z,SPY,SPY260529C00743000,call,743.0,0.06575342465753424,5.45,0.138405832824707,5.47,5.51,5.49,362.0,2646.0,2026-05-29,2026-05-07 20:07:20+00:00,-1.3200002,-19.497787,False,REGULAR,USD,2026-05-07T20:54:04+00:00,yfinance,723.77001953125,0.0080221858849922,0.0169737063165198,0.1216768442297367,0.0395,0.0,,0.040000000000000036,0.007285974499089259,0.9741184650487887,-0.02622235537545691
2026-05-05T00:00:00Z,SPY,SPY260529C00744000,call,744.0,0.06575342465753424,4.81,0.1371241073608398,5.06,5.11,5.085,163.0,554.0,2026-05-29,2026-05-07 19:47:42+00:00,-1.4900002,-23.650797,False,REGULAR,USD,2026-05-07T20:54:04+00:00,yfinance,723.77001953125,0.0080221858849922,0.0169737063165198,0.1216768442297367,0.0395,0.0,,0.05000000000000071,0.00983284169124891,0.9728091660366264,-0.02756734549078963
2026-05-05T00:00:00Z,SPY,SPY260529C00745000,call,745.0,0.06575342465753424,4.64,0.1358728991699219,4.68,4.73,4.705,1498.0,7363.0,2026-05-29,2026-05-07 20:13:09+00:00,-1.3200002,-22.147654,False,REGULAR,USD,2026-05-07T20:54:04+00:00,yfinance,723.77001953125,0.0080221858849922,0.0169737063165198,0.1216768442297367,0.0395,0.0,,0.05000000000000071,0.010626992561105358,0.9715033819211409,-0.02891052903725731
2026-05-05T00:00:00Z,SPY,SPY260529C00746000,call,746.0,0.06575342465753424,4.1,0.134499621887207,4.31,4.36,4.335,704.0,543.0,2026-05-29,2026-05-07 19:13:06+00:00,-1.4900002,-26.654745,False,REGULAR,USD,2026-05-07T20:54:04+00:00,yfinance,723.77001953125,0.0080221858849922,0.0169737063165198,0.1216768442297367,0.0395,0.0,,0.05000000000000071,0.011534025374855988,0.9702010985673593,-0.03025191086145864
2026-05-05T00:00:00Z,SPY,SPY260529C00747000,call,747.0,0.06575342465753424,3.95,0.1331873791503906,3.97,4.01,3.99,486.0,1040.0,2026-05-29,2026-05-07 20:13:09+00:00,-1.1000001,-21.78218,False,REGULAR,USD,2026-05-07T20:54:04+00:00,yfinance,723.77001953125,0.0080221858849922,0.0169737063165198,0.1216768442297367,0.0395,0.0,,0.03999999999999959,0.010025062656641501,0.9689023019159974,-0.03159149579051507
2026-05-05T00:00:00Z,SPY,SPY260529C00748000,call,748.0,0.06575342465753424,3.6,0.1319056536865234,3.64,3.68,3.66,620.0,1424.0,2026-05-29,2026-05-07 20:09:00+00:00,-1.3899999,-27.85571,False,REGULAR,USD,2026-05-07T20:54:04+00:00,yfinance,723.77001953125,0.0080221858849922,0.0169737063165198,0.1216768442297367,0.0395,0.0,,0.040000000000000036,0.010928961748633888,0.9676069779829546,-0.032929288632174994
2026-05-05T00:00:00Z,SPY,SPY260529C00749000,call,749.0,0.06575342465753424,3.17,0.1308680664062499,3.33,3.38,3.355,1560.0,1363.0,2026-05-29,2026-05-07 19:48:51+00:00,-1.4299998,-31.086954,False,REGULAR,USD,2026-05-07T20:54:04+00:00,yfinance,723.77001953125,0.0080221858849922,0.0169737063165198,0.1216768442297367,0.0395,0.0,,0.04999999999999982,0.014903129657227966,0.9663151128588118,-0.03426529417491724
2026-05-05T00:00:00Z,SPY,SPY260529C00750000,call,750.0,0.06575342465753424,3.08,0.1297084100341796,3.05,3.09,3.07,3817.0,7789.0,2026-05-29,2026-05-07 20:14:47+00:00,-1.0799999,-26.405865,False,REGULAR,USD,2026-05-07T20:54:04+00:00,yfinance,723.77001953125,0.0080221858849922,0.0169737063165198,0.1216768442297367,0.0395,0.0,,0.040000000000000036,0.013029315960912065,0.9650266927083333,-0.03559951718805395
2026-05-05T00:00:00Z,SPY,SPY260529C00755000,call,755.0,0.06575342465753424,1.9,0.1245815081787109,1.87,1.91,1.8900000000000001,2505.0,7664.0,2026-05-29,2026-05-07 20:14:56+00:00,-0.7800001,-29.104479,False,REGULAR,USD,2026-05-07T20:54:04+00:00,yfinance,723.77001953125,0.0080221858849922,0.0169737063165198,0.1216768442297367,0.0395,0.0,,0.039999999999999813,0.021164021164021062,0.9586357874586092,-0.042244059906722545
2026-05-05T00:00:00Z,SPY,SPY260529C00760000,call,760.0,0.06575342465753424,1.12,0.1208584008789062,1.1,1.13,1.115,4968.0,14971.0,2026-05-29,2026-05-07 20:12:17+00:00,-0.70000005,-38.46154,False,REGULAR,USD,2026-05-07T20:54:04+00:00,yfinance,723.77001953125,0.0080221858849922,0.0169737063165198,0.1216768442297367,0.0395,0.0,,0.029999999999999805,0.02690582959641238,0.9523289730674342,-0.04884474393807452
2026-05-05T00:00:00Z,SPY,SPY260529C00765000,call,765.0,0.06575342465753424,0.62,0.1185390881347656,0.62,0.65,0.635,5038.0,5446.0,2026-05-29,2026-05-07 20:02:27+00:00,-0.48000002,-43.636364,False,REGULAR,USD,2026-05-07T20:54:04+00:00,yfinance,723.77001953125,0.0080221858849922,0.0169737063165198,0.1216768442297367,0.0395,0.0,,0.030000000000000027,0.04724409448818902,0.9461046006944445,-0.05540214448423361
2026-05-05T00:00:00Z,SPY,SPY260529C00770000,call,770.0,0.06575342465753424,0.38,0.1180508117675781,0.36,0.38,0.37,4142.0,4600.0,2026-05-29,2026-05-07 20:05:29+00:00,-0.34000003,-47.222225,False,REGULAR,USD,2026-05-07T20:54:04+00:00,yfinance,723.77001953125,0.0080221858849922,0.0169737063165198,0.1216768442297367,0.0395,0.0,,0.020000000000000018,0.054054054054054106,0.9399610643262987,-0.06191682550542736
2026-05-05T00:00:00Z,SPY,SPY260529C00775000,call,775.0,0.06575342465753424,0.22,0.1190273645019531,0.21,0.23,0.22,1365.0,2313.0,2026-05-29,2026-05-07 20:02:40+00:00,-0.26,-54.166668,False,REGULAR,USD,2026-05-07T20:54:04+00:00,yfinance,723.77001953125,0.0080221858849922,0.0169737063165198,0.1216768442297367,0.0395,0.0,,0.020000000000000018,0.090909090909091,0.9338967993951612,-0.06838934001104485
2026-05-05T00:00:00Z,SPY,SPY260529C00780000,call,780.0,0.06575342465753424,0.16,0.1215908154296875,0.14,0.15,0.14500000000000002,1386.0,2095.0,2026-05-29,2026-05-07 20:04:27+00:00,-0.13,-44.827587,False,REGULAR,USD,2026-05-07T20:54:04+00:00,yfinance,723.77001953125,0.0080221858849922,0.0169737063165198,0.1216768442297367,0.0395,0.0,,0.009999999999999981,0.06896551724137917,0.9279102814503205,-0.07482023034133523
2026-05-05T00:00:00Z,SPY,SPY260529C00785000,call,785.0,0.06575342465753424,0.1,0.1262294409179687,0.1,0.11,0.10500000000000001,847.0,1420.0,2026-05-29,2026-05-07 18:52:05+00:00,-0.13,-56.52174,False,REGULAR,USD,2026-05-07T20:54:04+00:00,yfinance,723.77001953125,0.0080221858849922,0.0169737063165198,0.1216768442297367,0.0395,0.0,,0.009999999999999995,0.09523809523809518,0.9220000248805732,-0.08121002844010627
2026-05-05T00:00:00Z,SPY,SPY260529C00790000,call,790.0,0.06575342465753424,0.07,0.1323328955078125,0.07,0.09,0.08,2128.0,2688.0,2026-05-29,2026-05-07 19:46:00+00:00,-0.12,-63.157894,False,REGULAR,USD,2026-05-07T20:54:04+00:00,yfinance,723.77001953125,0.0080221858849922,0.0169737063165198,0.1216768442297367,0.0395,0.0,,0.01999999999999999,0.24999999999999986,0.9161645816851266,-0.08755925611876496
2026-05-05T00:00:00Z,SPY,SPY260529C00795000,call,795.0,0.06575342465753424,0.06,0.137703935546875,0.06,0.07,0.065,2256.0,3521.0,2026-05-29,2026-05-07 19:46:00+00:00,-0.08,-57.142857,False,REGULAR,USD,2026-05-07T20:54:04+00:00,yfinance,723.77001953125,0.0080221858849922,0.0169737063165198,0.1216768442297367,0.0395,0.0,,0.010000000000000009,0.15384615384615397,0.9104025402908805,-0.09386842531202967
2026-05-05T00:00:00Z,SPY,SPY260529C00800000,call,800.0,0.06575342465753424,0.06,0.1440515283203124,0.05,0.06,0.055,560.0,3678.0,2026-05-29,2026-05-07 19:37:06+00:00,-0.06,-50.0,False,REGULAR,USD,2026-05-07T20:54:04+00:00,yfinance,723.77001953125,0.0080221858849922,0.0169737063165198,0.1216768442297367,0.0395,0.0,,0.009999999999999995,0.18181818181818174,0.9047125244140625,-0.10013803832562512
2026-05-05T00:00:00Z,SPY,SPY260605C00658000,call,658.0,0.08493150684931507,70.29,0.3255682678222655,77.08,77.72,77.4,,497.0,2026-06-05,2026-05-05 18:38:26+00:00,0.0,0.0,True,REGULAR,USD,2026-05-07T20:54:04+00:00,yfinance,723.77001953125,0.0080221858849922,0.0169737063165198,0.1216768442297367,0.0395,0.0,,0.6400000000000006,0.008268733850129205,1.0999544369775835,0.09526875801698498
2026-05-05T00:00:00Z,SPY,SPY260605C00662000,call,662.0,0.08493150684931507,54.37,0.3399113861083984,72.13,74.96,73.54499999999999,,1.0,2026-06-05,2026-04-29 15:53:45+00:00,0.0,0.0,True,REGULAR,USD,2026-05-07T20:54:04+00:00,yfinance,723.77001953125,0.0080221858849922,0.0169737063165198,0.1216768442297367,0.0395,0.0,,2.8299999999999983,0.038479842273438015,1.0933081866030967,0.08920813340529402
2026-05-05T00:00:00Z,SPY,SPY260605C00671000,call,671.0,0.08493150684931507,46.88,0.3150703259277343,63.48,66.3,64.89,,1.0,2026-06-05,2026-04-30 14:09:19+00:00,0.0,0.0,True,REGULAR,USD,2026-05-07T20:54:04+00:00,yfinance,723.77001953125,0.0080221858849922,0.0169737063165198,0.1216768442297367,0.0395,0.0,,2.8200000000000003,0.04345815996301434,1.0786438443088673,0.07570455237062033
2026-05-05T00:00:00Z,SPY,SPY260605C00695000,call,695.0,0.08493150684931507,42.58,0.2539137109375,41.13,43.94,42.535,22.0,141.0,2026-06-05,2026-05-07 16:59:33+00:00,0.16000366,0.37718922,True,REGULAR,USD,2026-05-07T20:54:04+00:00,yfinance,723.77001953125,0.0080221858849922,0.0169737063165198,0.1216768442297367,0.0395,0.0,,2.809999999999995,0.06606324203597026,1.0413957115557555,0.040561843777510175
2026-05-05T00:00:00Z,SPY,SPY260605C00696000,call,696.0,0.08493150684931507,42.98,0.2516554327392578,40.24,43.05,41.644999999999996,16.0,35.0,2026-06-05,2026-05-07 16:14:23+00:00,1.7900009,4.3457174,True,REGULAR,USD,2026-05-07T20:54:04+00:00,yfinance,723.77001953125,0.0080221858849922,0.0169737063165198,0.1216768442297367,0.0395,0.0,,2.809999999999995,0.06747508704526342,1.0398994533494972,0.039124029007882616
2026-05-05T00:00:00Z,SPY,SPY260605C00700000,call,700.0,0.08493150684931507,37.58,0.2381667980957031,36.69,39.22,37.955,12.0,397.0,2026-06-05,2026-05-07 18:23:19+00:00,-2.4199982,-6.0499954,True,REGULAR,USD,2026-05-07T20:54:04+00:00,yfinance,723.77001953125,0.0080221858849922,0.0169737063165198,0.1216768442297367,0.0395,0.0,,2.530000000000001,0.06665788433671456,1.0339571707589286,0.03339335429889753
2026-05-05T00:00:00Z,SPY,SPY260605C00704000,call,704.0,0.08493150684931507,33.11,0.2331924826049805,33.21,36.01,34.61,31.0,92.0,2026-06-05,2026-05-07 18:53:37+00:00,-3.1499977,-8.687252,True,REGULAR,USD,2026-05-07T20:54:04+00:00,yfinance,723.77001953125,0.0080221858849922,0.0169737063165198,0.1216768442297367,0.0395,0.0,,2.799999999999997,0.08090147356255409,1.0280824141068892,0.027695333184259766
2026-05-05T00:00:00Z,SPY,SPY260605C00705000,call,705.0,0.08493150684931507,33.4,0.2309342044067382,32.35,35.15,33.75,11.0,319.0,2026-06-05,2026-05-07 18:23:19+00:00,-2.079998,-5.862452,True,REGULAR,USD,2026-05-07T20:54:04+00:00,yfinance,723.77001953125,0.0080221858849922,0.0169737063165198,0.1216768442297367,0.0395,0.0,,2.799999999999997,0.08296296296296288,1.026624141179078,0.026275886530033505
2026-05-05T00:00:00Z,SPY,SPY260605C00706000,call,706.0,0.08493150684931507,34.97,0.2287674780273437,31.49,34.3,32.894999999999996,57.0,39.0,2026-06-05,2026-05-07 15:26:48+00:00,7.5700016,27.627745,True,REGULAR,USD,2026-05-07T20:54:04+00:00,yfinance,723.77001953125,0.0080221858849922,0.0169737063165198,0.1216768442297367,0.0395,0.0,,2.8099999999999987,0.08542331661346707,1.0251699993360481,0.024858451849060104
2026-05-05T00:00:00Z,SPY,SPY260605C00710000,call,710.0,0.08493150684931507,29.32,0.2201005725097655,28.13,30.94,29.535,39.0,511.0,2026-06-05,2026-05-07 18:33:45+00:00,-2.1000004,-6.683642,True,REGULAR,USD,2026-05-07T20:54:04+00:00,yfinance,723.77001953125,0.0080221858849922,0.0169737063165198,0.1216768442297367,0.0395,0.0,,2.8100000000000023,0.09514135771119019,1.019394393705986,0.01920871930694113
2026-05-05T00:00:00Z,SPY,SPY260605C00712000,call,712.0,0.08493150684931507,29.9,0.2049334878540039,27.1,28.48,27.79,57.0,333.0,2026-06-05,2026-05-07 14:20:58+00:00,-0.10000038,-0.3333346,True,REGULAR,USD,2026-05-07T20:54:04+00:00,yfinance,723.77001953125,0.0080221858849922,0.0169737063165198,0.1216768442297367,0.0395,0.0,,1.379999999999999,0.04965815041381789,1.0165309263079354,0.016395777930326448
2026-05-05T00:00:00Z,SPY,SPY260605C00714000,call,714.0,0.08493150684931507,25.09,0.2003864141845703,25.54,26.82,26.18,27.0,287.0,2026-06-05,2026-05-07 15:58:03+00:00,-3.4799995,-12.180607,True,REGULAR,USD,2026-05-07T20:54:04+00:00,yfinance,723.77001953125,0.0080221858849922,0.0169737063165198,0.1216768442297367,0.0395,0.0,,1.2800000000000011,0.048892284186401874,1.0136835007440477,0.013590727002717873
2026-05-05T00:00:00Z,SPY,SPY260605C00715000,call,715.0,0.08493150684931507,24.62,0.2083514224243163,24.07,26.78,25.425,11.0,829.0,2026-06-05,2026-05-07 18:33:45+00:00,-2.6899986,-9.849868,True,REGULAR,USD,2026-05-07T20:54:04+00:00,yfinance,723.77001953125,0.0080221858849922,0.0169737063165198,0.1216768442297367,0.0395,0.0,,2.710000000000001,0.10658800393313671,1.0122657615821677,0.012191146648294465
2026-05-05T00:00:00Z,SPY,SPY260605C00717000,call,717.0,0.08493150684931507,23.85,0.2043689183044433,22.51,25.21,23.86,39.0,513.0,2026-06-05,2026-05-07 20:10:29+00:00,-1.8199997,-7.0899873,True,REGULAR,USD,2026-05-07T20:54:04+00:00,yfinance,723.77001953125,0.0080221858849922,0.0169737063165198,0.1216768442297367,0.0395,0.0,,2.6999999999999993,0.11316010058675605,1.009442147184449,0.00939784874268178
2026-05-05T00:00:00Z,SPY,SPY260605C00720000,call,720.0,0.08493150684931507,20.84,0.194343994140625,20.55,22.58,21.564999999999998,91.0,1975.0,2026-06-05,2026-05-07 19:42:49+00:00,-3.0100002,-12.620546,True,REGULAR,USD,2026-05-07T20:54:04+00:00,yfinance,723.77001953125,0.0080221858849922,0.0169737063165198,0.1216768442297367,0.0395,0.0,,2.0299999999999976,0.0941340134477161,1.0052361382378472,0.005222477332201177
2026-05-05T00:00:00Z,SPY,SPY260605C00721000,call,721.0,0.08493150684931507,19.95,0.1964191687011718,20.24,22.15,21.195,11.0,368.0,2026-06-05,2026-05-07 19:34:47+00:00,-2.8499985,-12.499993,True,REGULAR,USD,2026-05-07T20:54:04+00:00,yfinance,723.77001953125,0.0080221858849922,0.0169737063165198,0.1216768442297367,0.0395,0.0,,1.9100000000000001,0.09011559330030668,1.003841913358183,0.0038345520573531203
2026-05-05T00:00:00Z,SPY,SPY260605C00722000,call,722.0,0.08493150684931507,19.51,0.1945270977783203,18.73,21.41,20.07,11.0,644.0,2026-06-05,2026-05-07 19:16:42+00:00,-2.789999,-12.511207,True,REGULAR,USD,2026-05-07T20:54:04+00:00,yfinance,723.77001953125,0.0080221858849922,0.0169737063165198,0.1216768442297367,0.0395,0.0,,2.6799999999999997,0.13353263577478822,1.002451550597299,0.002448550449475876
2026-05-05T00:00:00Z,SPY,SPY260605C00724000,call,724.0,0.08493150684931507,21.1,0.1903157141113281,17.42,19.92,18.67,111.0,391.0,2026-06-05,2026-05-07 15:44:34+00:00,0.88000107,4.352132,True,REGULAR,USD,2026-05-07T20:54:04+00:00,yfinance,723.77001953125,0.0080221858849922,0.0169737063165198,0.1216768442297367,0.0395,0.0,,2.5,0.13390465988216388,0.9996823474188536,-0.00031770304341410534
2026-05-05T00:00:00Z,SPY,SPY260605C00725000,call,725.0,0.08493150684931507,17.69,0.1825032922363281,17.4,18.72,18.06,221.0,744.0,2026-06-05,2026-05-07 20:02:22+00:00,-2.0599995,-10.430377,True,REGULAR,USD,2026-05-07T20:54:04+00:00,yfinance,723.77001953125,0.0080221858849922,0.0169737063165198,0.1216768442297367,0.0395,0.0,,1.3200000000000003,0.07308970099667776,0.9983034752155172,-0.0016979655123726006
2026-05-05T00:00:00Z,SPY,SPY260605C00726000,call,726.0,0.08493150684931507,16.28,0.1863179513549804,16.02,18.48,17.25,55.0,875.0,2026-06-05,2026-05-07 15:10:28+00:00,-2.9899998,-15.516345,True,REGULAR,USD,2026-05-07T20:54:04+00:00,yfinance,723.77001953125,0.0080221858849922,0.0169737063165198,0.1216768442297367,0.0395,0.0,,2.460000000000001,0.14260869565217396,0.9969284015581956,-0.0030763254824938543
2026-05-05T00:00:00Z,SPY,SPY260605C00727000,call,727.0,0.08493150684931507,16.24,0.184029155883789,16.02,17.75,16.884999999999998,25.0,409.0,2026-06-05,2026-05-07 19:42:49+00:00,-2.0200005,-11.062434,True,REGULAR,USD,2026-05-07T20:54:04+00:00,yfinance,723.77001953125,0.0080221858849922,0.0169737063165198,0.1216768442297367,0.0395,0.0,,1.7300000000000004,0.10245780278353572,0.9955571107720083,-0.004452788191217155
2026-05-05T00:00:00Z,SPY,SPY260605C00728000,call,728.0,0.08493150684931507,15.63,0.1720053503417969,15.37,16.22,15.794999999999998,24.0,856.0,2026-06-05,2026-05-07 20:02:22+00:00,-2.3399992,-13.021699,True,REGULAR,USD,2026-05-07T20:54:04+00:00,yfinance,723.77001953125,0.0080221858849922,0.0169737063165198,0.1216768442297367,0.0395,0.0,,0.8499999999999996,0.05381449825894269,0.9941895872682005,-0.00582735885438381
2026-05-05T00:00:00Z,SPY,SPY260605C00729000,call,729.0,0.08493150684931507,14.0,0.1802144967651367,13.94,16.38,15.16,27.0,556.0,2026-06-05,2026-05-07 16:08:45+00:00,-3.1499996,-18.367346,True,REGULAR,USD,2026-05-07T20:54:04+00:00,yfinance,723.77001953125,0.0080221858849922,0.0169737063165198,0.1216768442297367,0.0395,0.0,,2.4399999999999995,0.1609498680738786,0.9928258155435528,-0.007200042666355996
2026-05-05T00:00:00Z,SPY,SPY260605C00730000,call,730.0,0.08493150684931507,14.43,0.1681449153137207,14.45,14.86,14.655,300.0,782.0,2026-06-05,2026-05-07 20:08:56+00:00,-1.7299995,-10.705442,True,REGULAR,USD,2026-05-07T20:54:04+00:00,yfinance,723.77001953125,0.0080221858849922,0.0169737063165198,0.1216768442297367,0.0395,0.0,,0.41000000000000014,0.027976799727055624,0.9914657801797945,-0.008570844800134652
2026-05-05T00:00:00Z,SPY,SPY260605C00731000,call,731.0,0.08493150684931507,13.96,0.1645896530151367,13.43,14.06,13.745000000000001,132.0,524.0,2026-06-05,2026-05-07 20:14:56+00:00,-1.8699999,-11.813012,True,REGULAR,USD,2026-05-07T20:54:04+00:00,yfinance,723.77001953125,0.0080221858849922,0.0169737063165198,0.1216768442297367,0.0395,0.0,,0.6300000000000008,0.04583484903601315,0.9901094658430233,-0.009939770407476269
2026-05-05T00:00:00Z,SPY,SPY260605C00732000,call,732.0,0.08493150684931507,13.6,0.1617515466308593,13.27,13.33,13.3,367.0,366.0,2026-06-05,2026-05-07 20:02:44+00:00,-1.3299999,-8.908238,False,REGULAR,USD,2026-05-07T20:54:04+00:00,yfinance,723.77001953125,0.0080221858849922,0.0169737063165198,0.1216768442297367,0.0395,0.0,,0.0600000000000005,0.004511278195488759,0.9887568572831285,-0.011306824619009313
2026-05-05T00:00:00Z,SPY,SPY260605C00733000,call,733.0,0.08493150684931507,12.62,0.1600730966186523,12.66,12.71,12.685,235.0,2026.0,2026-06-05,2026-05-07 20:08:19+00:00,-2.0,-13.679891,False,REGULAR,USD,2026-05-07T20:54:04+00:00,yfinance,723.77001953125,0.0080221858849922,0.0169737063165198,0.1216768442297367,0.0395,0.0,,0.05000000000000071,0.0039416633819472375,0.9874079393332197,-0.012672012544349244
2026-05-05T00:00:00Z,SPY,SPY260605C00734000,call,734.0,0.08493150684931507,11.6,0.158486198425293,12.06,12.11,12.085,368.0,429.0,2026-06-05,2026-05-07 18:50:19+00:00,-2.2399998,-16.184969,False,REGULAR,USD,2026-05-07T20:54:04+00:00,yfinance,723.77001953125,0.0080221858849922,0.0169737063165198,0.1216768442297367,0.0395,0.0,,0.049999999999998934,0.004137360364087623,0.9860626969090599,-0.014035339272213421
2026-05-05T00:00:00Z,SPY,SPY260605C00735000,call,735.0,0.08493150684931507,11.63,0.1570061106872559,11.47,11.53,11.5,1031.0,1220.0,2026-06-05,2026-05-07 20:03:05+00:00,-1.4300003,-10.949466,False,REGULAR,USD,2026-05-07T20:54:04+00:00,yfinance,723.77001953125,0.0080221858849922,0.0169737063165198,0.1216768442297367,0.0395,0.0,,0.05999999999999872,0.005217391304347715,0.9847211150085035,-0.015396809870534415
2026-05-05T00:00:00Z,SPY,SPY260605C00736000,call,736.0,0.08493150684931507,10.45,0.1554955056762695,10.9,10.96,10.93,273.0,827.0,2026-06-05,2026-05-07 19:44:56+00:00,-2.0100002,-16.131624,False,REGULAR,USD,2026-05-07T20:54:04+00:00,yfinance,723.77001953125,0.0080221858849922,0.0169737063165198,0.1216768442297367,0.0395,0.0,,0.0600000000000005,0.0054894784995425895,0.9833831787109375,-0.016756429386574033
2026-05-05T00:00:00Z,SPY,SPY260605C00737000,call,737.0,0.08493150684931507,9.88,0.1539391247558593,10.35,10.4,10.375,186.0,565.0,2026-06-05,2026-05-07 20:00:30+00:00,-1.9399996,-16.412857,False,REGULAR,USD,2026-05-07T20:54:04+00:00,yfinance,723.77001953125,0.0080221858849922,0.0169737063165198,0.1216768442297367,0.0395,0.0,,0.05000000000000071,0.004819277108433803,0.98204887317673,-0.01811420284703443
2026-05-05T00:00:00Z,SPY,SPY260605C00738000,call,738.0,0.08493150684931507,9.39,0.1524742956542969,9.81,9.86,9.835,86.0,509.0,2026-06-05,2026-05-07 19:41:35+00:00,-1.8699999,-16.607458,False,REGULAR,USD,2026-05-07T20:54:04+00:00,yfinance,723.77001953125,0.0080221858849922,0.0169737063165198,0.1216768442297367,0.0395,0.0,,0.049999999999998934,0.0050838840874426975,0.9807181836466802,-0.019470135258170332
2026-05-05T00:00:00Z,SPY,SPY260605C00739000,call,739.0,0.08493150684931507,8.86,0.1510705010986328,9.28,9.34,9.309999999999999,35.0,480.0,2026-06-05,2026-05-07 20:01:56+00:00,-2.04,-18.715597,False,REGULAR,USD,2026-05-07T20:54:04+00:00,yfinance,723.77001953125,0.0080221858849922,0.0169737063165198,0.1216768442297367,0.0395,0.0,,0.0600000000000005,0.006444683136412514,0.979391095441475,-0.020824231605899576
2026-05-05T00:00:00Z,SPY,SPY260605C00740000,call,740.0,0.08493150684931507,8.75,0.1496361892700195,8.78,8.83,8.805,888.0,21080.0,2026-06-05,2026-05-07 20:12:58+00:00,-1.4300003,-14.047153,False,REGULAR,USD,2026-05-07T20:54:04+00:00,yfinance,723.77001953125,0.0080221858849922,0.0169737063165198,0.1216768442297367,0.0395,0.0,,0.05000000000000071,0.005678591709256185,0.9780675939611486,-0.022176496855913264
2026-05-05T00:00:00Z,SPY,SPY260605C00741000,call,741.0,0.08493150684931507,7.91,0.1482934292602539,8.28,8.34,8.309999999999999,327.0,419.0,2026-06-05,2026-05-07 19:49:49+00:00,-1.75,-18.115942,False,REGULAR,USD,2026-05-07T20:54:04+00:00,yfinance,723.77001953125,0.0080221858849922,0.0169737063165198,0.1216768442297367,0.0395,0.0,,0.0600000000000005,0.007220216606498256,0.9767476646845479,-0.023526935953784713
2026-05-05T00:00:00Z,SPY,SPY260605C00742000,call,742.0,0.08493150684931507,7.4,0.1468896347045898,7.81,7.86,7.835,220.0,281.0,2026-06-05,2026-05-07 19:00:07+00:00,-1.6100001,-17.869036,False,REGULAR,USD,2026-05-07T20:54:04+00:00,yfinance,723.77001953125,0.0080221858849922,0.0169737063165198,0.1216768442297367,0.0395,0.0,,0.05000000000000071,0.0063816209317167465,0.9754312931688005,-0.024875553825078275
2026-05-05T00:00:00Z,SPY,SPY260605C00743000,call,743.0,0.08493150684931507,6.87,0.1455468746948242,7.35,7.4,7.375,97.0,277.0,2026-06-05,2026-05-07 17:54:45+00:00,-1.8400002,-21.125145,False,REGULAR,USD,2026-05-07T20:54:04+00:00,yfinance,723.77001953125,0.0080221858849922,0.0169737063165198,0.1216768442297367,0.0395,0.0,,0.05000000000000071,0.006779661016949249,0.9741184650487887,-0.02622235537545691
2026-05-05T00:00:00Z,SPY,SPY260605C00744000,call,744.0,0.08493150684931507,6.65,0.144265149230957,6.91,6.96,6.9350000000000005,36.0,308.0,2026-06-05,2026-05-07 19:47:42+00:00,-1.7800002,-21.115067,False,REGULAR,USD,2026-05-07T20:54:04+00:00,yfinance,723.77001953125,0.0080221858849922,0.0169737063165198,0.1216768442297367,0.0395,0.0,,0.04999999999999982,0.007209805335255922,0.9728091660366264,-0.02756734549078963
2026-05-05T00:00:00Z,SPY,SPY260605C00745000,call,745.0,0.08493150684931507,6.15,0.1429529064941406,6.48,6.53,6.505000000000001,567.0,547.0,2026-06-05,2026-05-07 19:53:49+00:00,-1.8799996,-23.4122,False,REGULAR,USD,2026-05-07T20:54:04+00:00,yfinance,723.77001953125,0.0080221858849922,0.0169737063165198,0.1216768442297367,0.0395,0.0,,0.04999999999999982,0.00768639508070712,0.9715033819211409,-0.02891052903725731
2026-05-05T00:00:00Z,SPY,SPY260605C00746000,call,746.0,0.08493150684931507,5.69,0.1418237673950195,6.07,6.13,6.1,217.0,193.0,2026-06-05,2026-05-07 18:38:20+00:00,-1.7399998,-23.41857,False,REGULAR,USD,2026-05-07T20:54:04+00:00,yfinance,723.77001953125,0.0080221858849922,0.0169737063165198,0.1216768442297367,0.0395,0.0,,0.05999999999999961,0.009836065573770428,0.9702010985673593,-0.03025191086145864
2026-05-05T00:00:00Z,SPY,SPY260605C00747000,call,747.0,0.08493150684931507,5.67,0.1405115246582031,5.69,5.73,5.710000000000001,138.0,449.0,2026-06-05,2026-05-07 20:07:27+00:00,-1.4200001,-20.028208,False,REGULAR,USD,2026-05-07T20:54:04+00:00,yfinance,723.77001953125,0.0080221858849922,0.0169737063165198,0.1216768442297367,0.0395,0.0,,0.040000000000000036,0.007005253940455347,0.9689023019159974,-0.03159149579051507
2026-05-05T00:00:00Z,SPY,SPY260605C00748000,call,748.0,0.08493150684931507,5.05,0.1394129028320312,5.31,5.36,5.335,141.0,280.0,2026-06-05,2026-05-07 19:57:48+00:00,-1.06,-17.348608,False,REGULAR,USD,2026-05-07T20:54:04+00:00,yfinance,723.77001953125,0.0080221858849922,0.0169737063165198,0.1216768442297367,0.0395,0.0,,0.05000000000000071,0.009372071227741464,0.9676069779829546,-0.032929288632174994
2026-05-05T00:00:00Z,SPY,SPY260605C00749000,call,749.0,0.08493150684931507,4.52,0.1382532464599609,4.95,5.0,4.975,236.0,290.0,2026-06-05,2026-05-07 19:28:10+00:00,-1.4699998,-24.5409,False,REGULAR,USD,2026-05-07T20:54:04+00:00,yfinance,723.77001953125,0.0080221858849922,0.0169737063165198,0.1216768442297367,0.0395,0.0,,0.04999999999999982,0.010050251256281372,0.9663151128588118,-0.03426529417491724
2026-05-05T00:00:00Z,SPY,SPY260605C00750000,call,750.0,0.08493150684931507,4.64,0.137002038269043,4.61,4.65,4.630000000000001,2992.0,2322.0,2026-06-05,2026-05-07 20:14:44+00:00,-1.2600002,-21.355936,False,REGULAR,USD,2026-05-07T20:54:04+00:00,yfinance,723.77001953125,0.0080221858849922,0.0169737063165198,0.1216768442297367,0.0395,0.0,,0.040000000000000036,0.008639308855291582,0.9650266927083333,-0.03559951718805395
2026-05-05T00:00:00Z,SPY,SPY260605C00755000,call,755.0,0.08493150684931507,3.15,0.1321497918701172,3.15,3.2,3.175,2147.0,1403.0,2026-06-05,2026-05-07 20:13:37+00:00,-0.9299998,-22.794115,False,REGULAR,USD,2026-05-07T20:54:04+00:00,yfinance,723.77001953125,0.0080221858849922,0.0169737063165198,0.1216768442297367,0.0395,0.0,,0.050000000000000266,0.01574803149606308,0.9586357874586092,-0.042244059906722545
2026-05-05T00:00:00Z,SPY,SPY260605C00760000,call,760.0,0.08493150684931507,1.92,0.1278468563842773,2.08,2.11,2.0949999999999998,353.0,1375.0,2026-06-05,2026-05-07 19:55:31+00:00,-1.0200001,-34.69388,False,REGULAR,USD,2026-05-07T20:54:04+00:00,yfinance,723.77001953125,0.0080221858849922,0.0169737063165198,0.1216768442297367,0.0395,0.0,,0.029999999999999805,0.01431980906921232,0.9523289730674342,-0.04884474393807452
2026-05-05T00:00:00Z,SPY,SPY260605C00765000,call,765.0,0.08493150684931507,1.32,0.1248256463623046,1.32,1.36,1.34,591.0,430.0,2026-06-05,2026-05-07 20:08:37+00:00,-0.62,-31.958761,False,REGULAR,USD,2026-05-07T20:54:04+00:00,yfinance,723.77001953125,0.0080221858849922,0.0169737063165198,0.1216768442297367,0.0395,0.0,,0.040000000000000036,0.02985074626865674,0.9461046006944445,-0.05540214448423361
2026-05-05T00:00:00Z,SPY,SPY260605C00770000,call,770.0,0.08493150684931507,0.83,0.1228115063476562,0.83,0.86,0.845,294.0,477.0,2026-06-05,2026-05-07 20:07:38+00:00,-0.46999997,-36.153843,False,REGULAR,USD,2026-05-07T20:54:04+00:00,yfinance,723.77001953125,0.0080221858849922,0.0169737063165198,0.1216768442297367,0.0395,0.0,,0.030000000000000027,0.03550295857988169,0.9399610643262987,-0.06191682550542736
2026-05-05T00:00:00Z,SPY,SPY260605C00775000,call,775.0,0.08493150684931507,0.53,0.1222011608886718,0.52,0.55,0.535,454.0,407.0,2026-06-05,2026-05-07 20:11:22+00:00,-0.35000002,-39.77273,False,REGULAR,USD,2026-05-07T20:54:04+00:00,yfinance,723.77001953125,0.0080221858849922,0.0169737063165198,0.1216768442297367,0.0395,0.0,,0.030000000000000027,0.056074766355140235,0.9338967993951612,-0.06838934001104485
2026-05-05T00:00:00Z,SPY,SPY260605C00780000,call,780.0,0.08493150684931507,0.32,0.1228115063476562,0.34,0.36,0.35,144.0,353.0,2026-06-05,2026-05-07 19:57:17+00:00,-0.3,-48.3871,False,REGULAR,USD,2026-05-07T20:54:04+00:00,yfinance,723.77001953125,0.0080221858849922,0.0169737063165198,0.1216768442297367,0.0395,0.0,,0.019999999999999962,0.05714285714285704,0.9279102814503205,-0.07482023034133523
2026-05-05T00:00:00Z,SPY,SPY260605C00785000,call,785.0,0.08493150684931507,0.2,0.1247646118164062,0.23,0.25,0.24,148.0,305.0,2026-06-05,2026-05-07 19:26:23+00:00,-0.21,-51.219513,False,REGULAR,USD,2026-05-07T20:54:04+00:00,yfinance,723.77001953125,0.0080221858849922,0.0169737063165198,0.1216768442297367,0.0395,0.0,,0.01999999999999999,0.0833333333333333,0.9220000248805732,-0.08121002844010627
2026-05-05T00:00:00Z,SPY,SPY260605C00790000,call,790.0,0.08493150684931507,0.16,0.1276942700195312,0.16,0.18,0.16999999999999998,374.0,645.0,2026-06-05,2026-05-07 19:59:30+00:00,-0.18,-52.941177,False,REGULAR,USD,2026-05-07T20:54:04+00:00,yfinance,723.77001953125,0.0080221858849922,0.0169737063165198,0.1216768442297367,0.0395,0.0,,0.01999999999999999,0.11764705882352937,0.9161645816851266,-0.08755925611876496
2026-05-05T00:00:00Z,SPY,SPY260605C00795000,call,795.0,0.08493150684931507,0.16,0.1316004809570312,0.12,0.14,0.13,27.0,251.0,2026-06-05,2026-05-07 16:20:02+00:00,-0.08,-33.333336,False,REGULAR,USD,2026-05-07T20:54:04+00:00,yfinance,723.77001953125,0.0080221858849922,0.0169737063165198,0.1216768442297367,0.0395,0.0,,0.020000000000000018,0.15384615384615397,0.9104025402908805,-0.09386842531202967
2026-05-05T00:00:00Z,SPY,SPY260605C00800000,call,800.0,0.08493150684931507,0.11,0.1372156591796875,0.1,0.12,0.11,565.0,1415.0,2026-06-05,2026-05-07 19:53:51+00:00,-0.09,-45.0,False,REGULAR,USD,2026-05-07T20:54:04+00:00,yfinance,723.77001953125,0.0080221858849922,0.0169737063165198,0.1216768442297367,0.0395,0.0,,0.01999999999999999,0.18181818181818174,0.9047125244140625,-0.10013803832562512
2026-05-05T00:00:00Z,SPY,SPY260612C00677000,call,677.0,0.10410958904109589,60.81,0.2950815121459961,58.81,62.18,60.495000000000005,,1.0,2026-06-12,2026-05-06 15:03:16+00:00,0.0,0.0,True,REGULAR,USD,2026-05-07T20:54:04+00:00,yfinance,723.77001953125,0.0080221858849922,0.0169737063165198,0.1216768442297367,0.0395,0.0,,3.3699999999999974,0.05570708323001897,1.069084223827548,0.06680241643002718
2026-05-05T00:00:00Z,SPY,SPY260612C00679000,call,679.0,0.10410958904109589,46.23,0.2903818521118163,56.97,60.32,58.644999999999996,,4.0,2026-06-12,2026-05-04 18:47:58+00:00,0.0,0.0,True,REGULAR,USD,2026-05-07T20:54:04+00:00,yfinance,723.77001953125,0.0080221858849922,0.0169737063165198,0.1216768442297367,0.0395,0.0,,3.3500000000000014,0.05712336942620857,1.0659352275865244,0.06385256178360614
2026-05-05T00:00:00Z,SPY,SPY260612C00682000,call,682.0,0.10410958904109589,48.01,0.2833018447875975,54.05,57.54,55.795,,3.0,2026-06-12,2026-05-05 14:58:17+00:00,0.0,0.0,True,REGULAR,USD,2026-05-07T20:54:04+00:00,yfinance,723.77001953125,0.0080221858849922,0.0169737063165198,0.1216768442297367,0.0395,0.0,,3.490000000000002,0.06255040774262931,1.061246362949047,0.05944403149884014
2026-05-05T00:00:00Z,SPY,SPY260612C00688000,call,688.0,0.10410958904109589,48.66,0.2696606237792969,48.56,52.06,50.31,,22.0,2026-06-12,2026-05-06 14:13:59+00:00,0.0,0.0,True,REGULAR,USD,2026-05-07T20:54:04+00:00,yfinance,723.77001953125,0.0080221858849922,0.0169737063165198,0.1216768442297367,0.0395,0.0,,3.5,0.069568674219837,1.0519913074582121,0.05068485140895846
2026-05-05T00:00:00Z,SPY,SPY260612C00696000,call,696.0,0.10410958904109589,37.95,0.2521742263793946,41.48,44.92,43.2,,9.0,2026-06-12,2026-05-05 19:34:47+00:00,0.0,0.0,True,REGULAR,USD,2026-05-07T20:54:04+00:00,yfinance,723.77001953125,0.0080221858849922,0.0169737063165198,0.1216768442297367,0.0395,0.0,,3.440000000000005,0.07962962962962973,1.0398994533494972,0.039124029007882616
2026-05-05T00:00:00Z,SPY,SPY260612C00701000,call,701.0,0.10410958904109589,30.5,0.2416152499389648,37.12,40.57,38.845,,1.0,2026-06-12,2026-05-04 14:20:08+00:00,0.0,0.0,True,REGULAR,USD,2026-05-07T20:54:04+00:00,yfinance,723.77001953125,0.0080221858849922,0.0169737063165198,0.1216768442297367,0.0395,0.0,,3.450000000000003,0.08881451924314591,1.0324821961929387,0.03196580230771214
2026-05-05T00:00:00Z,SPY,SPY260612C00707000,call,707.0,0.10410958904109589,24.04,0.2292710130310059,32.12,35.49,33.805,,12.0,2026-06-12,2026-05-04 18:00:31+00:00,0.0,0.0,True,REGULAR,USD,2026-05-07T20:54:04+00:00,yfinance,723.77001953125,0.0080221858849922,0.0169737063165198,0.1216768442297367,0.0395,0.0,,3.3700000000000045,0.09968939505990251,1.0237199710484441,0.023443023445729464
2026-05-05T00:00:00Z,SPY,SPY260612C00708000,call,708.0,0.10410958904109589,34.12,0.2271348039245605,31.28,34.65,32.965,,3.0,2026-06-12,2026-05-06 18:42:53+00:00,0.0,0.0,True,REGULAR,USD,2026-05-07T20:54:04+00:00,yfinance,723.77001953125,0.0080221858849922,0.0169737063165198,0.1216768442297367,0.0395,0.0,,3.3699999999999974,0.10222963749431206,1.0222740388859464,0.022029595648582485
2026-05-05T00:00:00Z,SPY,SPY260612C00709000,call,709.0,0.10410958904109589,31.22,0.2251969570922851,30.68,33.83,32.254999999999995,11.0,13.0,2026-06-12,2026-05-07 19:35:43+00:00,1.3499985,4.5195794,True,REGULAR,USD,2026-05-07T20:54:04+00:00,yfinance,723.77001953125,0.0080221858849922,0.0169737063165198,0.1216768442297367,0.0395,0.0,,3.1499999999999986,0.09765927763137495,1.0208321855165727,0.0206181628101748
2026-05-05T00:00:00Z,SPY,SPY260612C00710000,call,710.0,0.10410958904109589,30.43,0.2176897079467773,29.63,32.55,31.089999999999996,18.0,783.0,2026-06-12,2026-05-07 19:35:43+00:00,-1.289999,-4.066832,True,REGULAR,USD,2026-05-07T20:54:04+00:00,yfinance,723.77001953125,0.0080221858849922,0.0169737063165198,0.1216768442297367,0.0395,0.0,,2.919999999999998,0.09392087487938239,1.019394393705986,0.01920871930694113
2026-05-05T00:00:00Z,SPY,SPY260612C00715000,call,715.0,0.10410958904109589,27.99,0.207741076965332,26.12,28.51,27.315,10.0,281.0,2026-06-12,2026-05-07 16:06:51+00:00,-0.25,-0.8852691,True,REGULAR,USD,2026-05-07T20:54:04+00:00,yfinance,723.77001953125,0.0080221858849922,0.0169737063165198,0.1216768442297367,0.0395,0.0,,2.3900000000000006,0.08749771187991948,1.0122657615821677,0.012191146648294465
2026-05-05T00:00:00Z,SPY,SPY260612C00720000,call,720.0,0.10410958904109589,22.14,0.1934589932250977,22.44,24.22,23.33,15.0,295.0,2026-06-12,2026-05-07 19:24:42+00:00,-3.5600014,-13.852144,True,REGULAR,USD,2026-05-07T20:54:04+00:00,yfinance,723.77001953125,0.0080221858849922,0.0169737063165198,0.1216768442297367,0.0395,0.0,,1.7799999999999976,0.07629661380197161,1.0052361382378472,0.005222477332201177
2026-05-05T00:00:00Z,SPY,SPY260612C00721000,call,721.0,0.10410958904109589,23.97,0.1952900296020507,21.74,23.8,22.77,11.0,192.0,2026-06-12,2026-05-06 18:19:02+00:00,0.0,0.0,True,REGULAR,USD,2026-05-07T20:54:04+00:00,yfinance,723.77001953125,0.0080221858849922,0.0169737063165198,0.1216768442297367,0.0395,0.0,,2.0600000000000023,0.09046991655687318,1.003841913358183,0.0038345520573531203
2026-05-05T00:00:00Z,SPY,SPY260612C00722000,call,722.0,0.10410958904109589,20.84,0.1903767486572266,20.47,22.78,21.625,43.0,290.0,2026-06-12,2026-05-07 19:24:24+00:00,-2.539999,-10.863983,True,REGULAR,USD,2026-05-07T20:54:04+00:00,yfinance,723.77001953125,0.0080221858849922,0.0169737063165198,0.1216768442297367,0.0395,0.0,,2.3100000000000023,0.10682080924855501,1.002451550597299,0.002448550449475876
2026-05-05T00:00:00Z,SPY,SPY260612C00723000,call,723.0,0.10410958904109589,20.33,0.1987537400817871,19.69,22.97,21.33,17.0,151.0,2026-06-12,2026-05-07 19:22:30+00:00,-1.8999996,-8.547008,True,REGULAR,USD,2026-05-07T20:54:04+00:00,yfinance,723.77001953125,0.0080221858849922,0.0169737063165198,0.1216768442297367,0.0395,0.0,,3.2799999999999976,0.1537740271917486,1.0010650339298064,0.0010644671835375486
2026-05-05T00:00:00Z,SPY,SPY260612C00724000,call,724.0,0.10410958904109589,19.73,0.1970905487060547,19.02,22.26,20.64,17.0,440.0,2026-06-12,2026-05-07 17:33:29+00:00,-2.7000008,-12.037453,True,REGULAR,USD,2026-05-07T20:54:04+00:00,yfinance,723.77001953125,0.0080221858849922,0.0169737063165198,0.1216768442297367,0.0395,0.0,,3.240000000000002,0.1569767441860466,0.9996823474188536,-0.00031770304341410534
2026-05-05T00:00:00Z,SPY,SPY260612C00725000,call,725.0,0.10410958904109589,19.15,0.1781393222045898,19.68,19.98,19.83,79.0,648.0,2026-06-12,2026-05-07 19:56:56+00:00,-2.58,-11.872987,True,REGULAR,USD,2026-05-07T20:54:04+00:00,yfinance,723.77001953125,0.0080221858849922,0.0169737063165198,0.1216768442297367,0.0395,0.0,,0.3000000000000007,0.015128593040847238,0.9983034752155172,-0.0016979655123726006
2026-05-05T00:00:00Z,SPY,SPY260612C00726000,call,726.0,0.10410958904109589,17.93,0.1844411390686035,18.35,20.01,19.18,139.0,177.0,2026-06-12,2026-05-07 19:13:58+00:00,-2.7600002,-13.339779,True,REGULAR,USD,2026-05-07T20:54:04+00:00,yfinance,723.77001953125,0.0080221858849922,0.0169737063165198,0.1216768442297367,0.0395,0.0,,1.6600000000000001,0.08654848800834203,0.9969284015581956,-0.0030763254824938543
2026-05-05T00:00:00Z,SPY,SPY260612C00728000,call,728.0,0.10410958904109589,18.39,0.1783987190246582,17.07,18.39,17.73,181.0,161.0,2026-06-12,2026-05-07 16:38:58+00:00,0.6399994,3.6056304,True,REGULAR,USD,2026-05-07T20:54:04+00:00,yfinance,723.77001953125,0.0080221858849922,0.0169737063165198,0.1216768442297367,0.0395,0.0,,1.3200000000000003,0.07445008460236888,0.9941895872682005,-0.00582735885438381
2026-05-05T00:00:00Z,SPY,SPY260612C00729000,call,729.0,0.10410958904109589,17.1,0.1808553594970703,16.59,18.1,17.345,222.0,131.0,2026-06-12,2026-05-07 20:14:49+00:00,-1.6900005,-8.994148,True,REGULAR,USD,2026-05-07T20:54:04+00:00,yfinance,723.77001953125,0.0080221858849922,0.0169737063165198,0.1216768442297367,0.0395,0.0,,1.5100000000000016,0.08705678869991361,0.9928258155435528,-0.007200042666355996
2026-05-05T00:00:00Z,SPY,SPY260612C00730000,call,730.0,0.10410958904109589,15.81,0.1698386239624023,15.84,16.57,16.205,126.0,631.0,2026-06-12,2026-05-07 19:53:12+00:00,-2.659999,-14.401727,True,REGULAR,USD,2026-05-07T20:54:04+00:00,yfinance,723.77001953125,0.0080221858849922,0.0169737063165198,0.1216768442297367,0.0395,0.0,,0.7300000000000004,0.04504782474544897,0.9914657801797945,-0.008570844800134652
2026-05-05T00:00:00Z,SPY,SPY260612C00731000,call,731.0,0.10410958904109589,15.83,0.1765219067382812,15.37,16.69,16.03,182.0,243.0,2026-06-12,2026-05-07 20:10:26+00:00,-1.9300003,-10.867119,True,REGULAR,USD,2026-05-07T20:54:04+00:00,yfinance,723.77001953125,0.0080221858849922,0.0169737063165198,0.1216768442297367,0.0395,0.0,,1.320000000000002,0.08234560199625714,0.9901094658430233,-0.009939770407476269
2026-05-05T00:00:00Z,SPY,SPY260612C00732000,call,732.0,0.10410958904109589,14.75,0.1656577575683594,15.13,15.19,15.16,221.0,266.0,2026-06-12,2026-05-07 20:02:05+00:00,-1.9899998,-11.887692,False,REGULAR,USD,2026-05-07T20:54:04+00:00,yfinance,723.77001953125,0.0080221858849922,0.0169737063165198,0.1216768442297367,0.0395,0.0,,0.05999999999999872,0.003957783641160865,0.9887568572831285,-0.011306824619009313
2026-05-05T00:00:00Z,SPY,SPY260612C00733000,call,733.0,0.10410958904109589,14.02,0.1642539630126953,14.52,14.58,14.55,90.0,227.0,2026-06-12,2026-05-07 19:35:09+00:00,-2.209999,-13.616754,False,REGULAR,USD,2026-05-07T20:54:04+00:00,yfinance,723.77001953125,0.0080221858849922,0.0169737063165198,0.1216768442297367,0.0395,0.0,,0.0600000000000005,0.0041237113402062195,0.9874079393332197,-0.012672012544349244
2026-05-05T00:00:00Z,SPY,SPY260612C00734000,call,734.0,0.10410958904109589,13.53,0.1627433580017089,13.91,13.97,13.940000000000001,264.0,222.0,2026-06-12,2026-05-07 20:00:03+00:00,-2.2800007,-14.421256,False,REGULAR,USD,2026-05-07T20:54:04+00:00,yfinance,723.77001953125,0.0080221858849922,0.0169737063165198,0.1216768442297367,0.0395,0.0,,0.0600000000000005,0.0043041606886657455,0.9860626969090599,-0.014035339272213421
2026-05-05T00:00:00Z,SPY,SPY260612C00735000,call,735.0,0.10410958904109589,13.31,0.1613243048095703,13.32,13.38,13.350000000000001,682.0,347.0,2026-06-12,2026-05-07 20:14:40+00:00,-1.5999994,-10.731049,False,REGULAR,USD,2026-05-07T20:54:04+00:00,yfinance,723.77001953125,0.0080221858849922,0.0169737063165198,0.1216768442297367,0.0395,0.0,,0.0600000000000005,0.004494382022471947,0.9847211150085035,-0.015396809870534415
2026-05-05T00:00:00Z,SPY,SPY260612C00736000,call,736.0,0.10410958904109589,12.28,0.1599052516174316,12.74,12.8,12.77,636.0,216.0,2026-06-12,2026-05-07 19:36:10+00:00,-1.8800001,-13.276837,False,REGULAR,USD,2026-05-07T20:54:04+00:00,yfinance,723.77001953125,0.0080221858849922,0.0169737063165198,0.1216768442297367,0.0395,0.0,,0.0600000000000005,0.004698512137823062,0.9833831787109375,-0.016756429386574033
2026-05-05T00:00:00Z,SPY,SPY260612C00737000,call,737.0,0.10410958904109589,12.26,0.1584709397888183,12.17,12.23,12.2,121.0,142.0,2026-06-12,2026-05-07 20:02:43+00:00,-1.71,-12.240515,False,REGULAR,USD,2026-05-07T20:54:04+00:00,yfinance,723.77001953125,0.0080221858849922,0.0169737063165198,0.1216768442297367,0.0395,0.0,,0.0600000000000005,0.004918032786885287,0.98204887317673,-0.01811420284703443
2026-05-05T00:00:00Z,SPY,SPY260612C00738000,call,738.0,0.10410958904109589,10.97,0.1570213693237305,11.62,11.67,11.645,161.0,173.0,2026-06-12,2026-05-07 20:01:34+00:00,-2.3999996,-17.950634,False,REGULAR,USD,2026-05-07T20:54:04+00:00,yfinance,723.77001953125,0.0080221858849922,0.0169737063165198,0.1216768442297367,0.0395,0.0,,0.05000000000000071,0.004293688278231062,0.9807181836466802,-0.019470135258170332
2026-05-05T00:00:00Z,SPY,SPY260612C00739000,call,739.0,0.10410958904109589,11.17,0.1556633506774902,11.08,11.13,11.105,303.0,164.0,2026-06-12,2026-05-07 20:02:43+00:00,-1.6400003,-12.8025,False,REGULAR,USD,2026-05-07T20:54:04+00:00,yfinance,723.77001953125,0.0080221858849922,0.0169737063165198,0.1216768442297367,0.0395,0.0,,0.05000000000000071,0.004502476361999163,0.979391095441475,-0.020824231605899576
2026-05-05T00:00:00Z,SPY,SPY260612C00740000,call,740.0,0.10410958904109589,10.07,0.1543968838500977,10.55,10.61,10.58,1240.0,1197.0,2026-06-12,2026-05-07 19:42:23+00:00,-2.0,-16.57001,False,REGULAR,USD,2026-05-07T20:54:04+00:00,yfinance,723.77001953125,0.0080221858849922,0.0169737063165198,0.1216768442297367,0.0395,0.0,,0.05999999999999872,0.005671077504725777,0.9780675939611486,-0.022176496855913264
2026-05-05T00:00:00Z,SPY,SPY260612C00741000,call,741.0,0.10410958904109589,9.61,0.1530998997497559,10.04,10.1,10.07,247.0,490.0,2026-06-12,2026-05-07 19:56:45+00:00,-1.96,-16.940363,False,REGULAR,USD,2026-05-07T20:54:04+00:00,yfinance,723.77001953125,0.0080221858849922,0.0169737063165198,0.1216768442297367,0.0395,0.0,,0.0600000000000005,0.005958291956305908,0.9767476646845479,-0.023526935953784713
2026-05-05T00:00:00Z,SPY,SPY260612C00742000,call,742.0,0.10410958904109589,9.82,0.1517876570129394,9.54,9.6,9.57,155.0,230.0,2026-06-12,2026-05-07 20:04:41+00:00,-1.3800001,-12.32143,False,REGULAR,USD,2026-05-07T20:54:04+00:00,yfinance,723.77001953125,0.0080221858849922,0.0169737063165198,0.1216768442297367,0.0395,0.0,,0.0600000000000005,0.00626959247648908,0.9754312931688005,-0.024875553825078275
2026-05-05T00:00:00Z,SPY,SPY260612C00743000,call,743.0,0.10410958904109589,9.36,0.1505517074584961,9.06,9.12,9.09,184.0,412.0,2026-06-12,2026-05-07 20:02:44+00:00,-0.6199999,-6.212424,False,REGULAR,USD,2026-05-07T20:54:04+00:00,yfinance,723.77001953125,0.0080221858849922,0.0169737063165198,0.1216768442297367,0.0395,0.0,,0.05999999999999872,0.00660066006600646,0.9741184650487887,-0.02622235537545691
2026-05-05T00:00:00Z,SPY,SPY260612C00744000,call,744.0,0.10410958904109589,8.74,0.1493004992675781,8.6,8.65,8.625,64.0,188.0,2026-06-12,2026-05-07 20:05:07+00:00,-1.0700006,-10.907244,False,REGULAR,USD,2026-05-07T20:54:04+00:00,yfinance,723.77001953125,0.0080221858849922,0.0169737063165198,0.1216768442297367,0.0395,0.0,,0.05000000000000071,0.005797101449275445,0.9728091660366264,-0.02756734549078963
2026-05-05T00:00:00Z,SPY,SPY260612C00745000,call,745.0,0.10410958904109589,7.79,0.1481103256225586,8.15,8.2,8.175,132.0,362.0,2026-06-12,2026-05-07 19:41:50+00:00,-1.8500004,-19.190874,False,REGULAR,USD,2026-05-07T20:54:04+00:00,yfinance,723.77001953125,0.0080221858849922,0.0169737063165198,0.1216768442297367,0.0395,0.0,,0.049999999999998934,0.0061162079510702055,0.9715033819211409,-0.02891052903725731
2026-05-05T00:00:00Z,SPY,SPY260612C00746000,call,746.0,0.10410958904109589,7.36,0.146920151977539,7.71,7.76,7.734999999999999,29.0,166.0,2026-06-12,2026-05-07 19:15:29+00:00,-1.8799996,-20.346317,False,REGULAR,USD,2026-05-07T20:54:04+00:00,yfinance,723.77001953125,0.0080221858849922,0.0169737063165198,0.1216768442297367,0.0395,0.0,,0.04999999999999982,0.006464124111182913,0.9702010985673593,-0.03025191086145864
2026-05-05T00:00:00Z,SPY,SPY260612C00747000,call,747.0,0.10410958904109589,6.9,0.1457910128784179,7.29,7.34,7.3149999999999995,114.0,257.0,2026-06-12,2026-05-07 19:34:25+00:00,-1.8200002,-20.871561,False,REGULAR,USD,2026-05-07T20:54:04+00:00,yfinance,723.77001953125,0.0080221858849922,0.0169737063165198,0.1216768442297367,0.0395,0.0,,0.04999999999999982,0.0068352699931647064,0.9689023019159974,-0.03159149579051507
2026-05-05T00:00:00Z,SPY,SPY260612C00748000,call,748.0,0.10410958904109589,6.49,0.1447534255981445,6.88,6.94,6.91,85.0,106.0,2026-06-12,2026-05-07 19:48:09+00:00,-1.5500002,-19.278608,False,REGULAR,USD,2026-05-07T20:54:04+00:00,yfinance,723.77001953125,0.0080221858849922,0.0169737063165198,0.1216768442297367,0.0395,0.0,,0.0600000000000005,0.008683068017366208,0.9676069779829546,-0.032929288632174994
2026-05-05T00:00:00Z,SPY,SPY260612C00749000,call,749.0,0.10410958904109589,5.97,0.1436853210449218,6.49,6.55,6.52,49.0,356.0,2026-06-12,2026-05-07 19:21:06+00:00,-1.6200004,-21.343878,False,REGULAR,USD,2026-05-07T20:54:04+00:00,yfinance,723.77001953125,0.0080221858849922,0.0169737063165198,0.1216768442297367,0.0395,0.0,,0.05999999999999961,0.009202453987730001,0.9663151128588118,-0.03426529417491724
2026-05-05T00:00:00Z,SPY,SPY260612C00750000,call,750.0,0.10410958904109589,6.2,0.14258669921875,6.12,6.17,6.145,559.0,722.0,2026-06-12,2026-05-07 20:05:07+00:00,-1.25,-16.778524,False,REGULAR,USD,2026-05-07T20:54:04+00:00,yfinance,723.77001953125,0.0080221858849922,0.0169737063165198,0.1216768442297367,0.0395,0.0,,0.04999999999999982,0.008136696501220475,0.9650266927083333,-0.03559951718805395
2026-05-05T00:00:00Z,SPY,SPY260612C00755000,call,755.0,0.10410958904109589,4.18,0.137703935546875,4.47,4.51,4.49,1027.0,546.0,2026-06-12,2026-05-07 19:53:32+00:00,-1.3200002,-24.000002,False,REGULAR,USD,2026-05-07T20:54:04+00:00,yfinance,723.77001953125,0.0080221858849922,0.0169737063165198,0.1216768442297367,0.0395,0.0,,0.040000000000000036,0.008908685968819607,0.9586357874586092,-0.042244059906722545
2026-05-05T00:00:00Z,SPY,SPY260612C00760000,call,760.0,0.10410958904109589,3.13,0.1336146209716797,3.17,3.21,3.19,4038.0,2813.0,2026-06-12,2026-05-07 20:11:22+00:00,-1.02,-24.578312,False,REGULAR,USD,2026-05-07T20:54:04+00:00,yfinance,723.77001953125,0.0080221858849922,0.0169737063165198,0.1216768442297367,0.0395,0.0,,0.040000000000000036,0.012539184952978068,0.9523289730674342,-0.04884474393807452
2026-05-05T00:00:00Z,SPY,SPY260612C00765000,call,765.0,0.10410958904109589,2.2,0.1301051345825195,2.18,2.22,2.2,2972.0,2311.0,2026-06-12,2026-05-07 20:10:45+00:00,-0.79999995,-26.666664,False,REGULAR,USD,2026-05-07T20:54:04+00:00,yfinance,723.77001953125,0.0080221858849922,0.0169737063165198,0.1216768442297367,0.0395,0.0,,0.040000000000000036,0.018181818181818195,0.9461046006944445,-0.05540214448423361
2026-05-05T00:00:00Z,SPY,SPY260612C00770000,call,770.0,0.10410958904109589,1.36,0.1275722009277343,1.47,1.51,1.49,388.0,485.0,2026-06-12,2026-05-07 20:00:48+00:00,-0.66999996,-33.00492,False,REGULAR,USD,2026-05-07T20:54:04+00:00,yfinance,723.77001953125,0.0080221858849922,0.0169737063165198,0.1216768442297367,0.0395,0.0,,0.040000000000000036,0.02684563758389264,0.9399610643262987,-0.06191682550542736
2026-05-05T00:00:00Z,SPY,SPY260612C00775000,call,775.0,0.10410958904109589,0.92,0.1256801300048828,0.98,1.01,0.995,166.0,51.0,2026-06-12,2026-05-07 20:00:48+00:00,-0.56,-37.837837,False,REGULAR,USD,2026-05-07T20:54:04+00:00,yfinance,723.77001953125,0.0080221858849922,0.0169737063165198,0.1216768442297367,0.0395,0.0,,0.030000000000000027,0.030150753768844248,0.9338967993951612,-0.06838934001104485
2026-05-05T00:00:00Z,SPY,SPY260612C00780000,call,780.0,0.10410958904109589,0.59,0.1248866809082031,0.66,0.68,0.67,102.0,255.0,2026-06-12,2026-05-07 18:54:54+00:00,-0.40000004,-40.404045,False,REGULAR,USD,2026-05-07T20:54:04+00:00,yfinance,723.77001953125,0.0080221858849922,0.0169737063165198,0.1216768442297367,0.0395,0.0,,0.020000000000000018,0.02985074626865674,0.9279102814503205,-0.07482023034133523
2026-05-05T00:00:00Z,SPY,SPY260612C00785000,call,785.0,0.10410958904109589,0.44,0.1253749572753906,0.45,0.47,0.45999999999999996,68.0,30.0,2026-06-12,2026-05-07 20:00:57+00:00,-0.28000003,-38.888893,False,REGULAR,USD,2026-05-07T20:54:04+00:00,yfinance,723.77001953125,0.0080221858849922,0.0169737063165198,0.1216768442297367,0.0395,0.0,,0.019999999999999962,0.04347826086956514,0.9220000248805732,-0.08121002844010627
2026-05-05T00:00:00Z,SPY,SPY260612C00790000,call,790.0,0.10410958904109589,0.31,0.12696185546875,0.32,0.34,0.33,17.0,36.0,2026-06-12,2026-05-07 17:56:32+00:00,-0.06999999,-18.421051,False,REGULAR,USD,2026-05-07T20:54:04+00:00,yfinance,723.77001953125,0.0080221858849922,0.0169737063165198,0.1216768442297367,0.0395,0.0,,0.020000000000000018,0.060606060606060656,0.9161645816851266,-0.08755925611876496
2026-05-05T00:00:00Z,SPY,SPY260612C00800000,call,800.0,0.10410958904109589,0.19,0.1317225500488281,0.18,0.19,0.185,159.0,365.0,2026-06-12,2026-05-07 20:14:56+00:00,-0.099999994,-34.482758,False,REGULAR,USD,2026-05-07T20:54:04+00:00,yfinance,723.77001953125,0.0080221858849922,0.0169737063165198,0.1216768442297367,0.0395,0.0,,0.010000000000000009,0.054054054054054106,0.9047125244140625,-0.10013803832562512
2026-05-05T00:00:00Z,SPY,SPY260618C00660000,call,660.0,0.12054794520547946,76.3,0.3166877413940429,75.71,78.53,77.12,83.0,13593.0,2026-06-18,2026-05-07 18:31:32+00:00,-1.6699982,-2.1418471,True,REGULAR,USD,2026-05-07T20:54:04+00:00,yfinance,723.77001953125,0.0080221858849922,0.0169737063165198,0.1216768442297367,0.0395,0.0,,2.8200000000000074,0.03656639004149387,1.096621241714015,0.09223385432183093
2026-05-05T00:00:00Z,SPY,SPY260618C00665000,call,665.0,0.12054794520547946,71.56,0.3054573849487304,70.97,73.79,72.38,69.0,13925.0,2026-06-18,2026-05-07 18:50:00+00:00,-2.6500015,-3.5709493,True,REGULAR,USD,2026-05-07T20:54:04+00:00,yfinance,723.77001953125,0.0080221858849922,0.0169737063165198,0.1216768442297367,0.0395,0.0,,2.8200000000000074,0.038961038961039064,1.0883759692199249,0.08468664868644811
2026-05-05T00:00:00Z,SPY,SPY260618C00666000,call,666.0,0.12054794520547946,73.36,0.3033211758422851,70.02,72.85,71.435,,1.0,2026-06-18,2026-05-06 20:04:10+00:00,0.0,0.0,True,REGULAR,USD,2026-05-07T20:54:04+00:00,yfinance,723.77001953125,0.0080221858849922,0.0169737063165198,0.1216768442297367,0.0395,0.0,,2.8299999999999983,0.03961643452089309,1.086741771067943,0.08318401880191313
2026-05-05T00:00:00Z,SPY,SPY260618C00669000,call,669.0,0.12054794520547946,61.0,0.2967294448852539,67.2,70.03,68.61500000000001,,2.0,2026-06-18,2026-05-05 15:54:12+00:00,0.0,0.0,True,REGULAR,USD,2026-05-07T20:54:04+00:00,yfinance,723.77001953125,0.0080221858849922,0.0169737063165198,0.1216768442297367,0.0395,0.0,,2.8299999999999983,0.041244625810682764,1.0818684895833333,0.07868962921407369
2026-05-05T00:00:00Z,SPY,SPY260618C00670000,call,670.0,0.12054794520547946,66.77,0.2945322012329101,66.26,69.09,67.67500000000001,1868.0,20254.0,2026-06-18,2026-05-07 19:55:54+00:00,-2.8600006,-4.107426,True,REGULAR,USD,2026-05-07T20:54:04+00:00,yfinance,723.77001953125,0.0080221858849922,0.0169737063165198,0.1216768442297367,0.0395,0.0,,2.8299999999999983,0.0418175101588474,1.080253760494403,0.0771959769572904
2026-05-05T00:00:00Z,SPY,SPY260618C00673000,call,673.0,0.12054794520547946,52.62,0.2879099530029295,63.47,66.28,64.875,,,2026-06-18,2026-05-04 17:14:33+00:00,0.0,0.0,True,REGULAR,USD,2026-05-07T20:54:04+00:00,yfinance,723.77001953125,0.0080221858849922,0.0169737063165198,0.1216768442297367,0.0395,0.0,,2.8100000000000023,0.04331406551059734,1.0754383648309807,0.07272835969757438
2026-05-05T00:00:00Z,SPY,SPY260618C00675000,call,675.0,0.12054794520547946,61.72,0.2836070175170897,61.61,64.42,63.015,122.0,19128.0,2026-06-18,2026-05-07 19:56:26+00:00,-3.1699982,-4.8851876,True,REGULAR,USD,2026-05-07T20:54:04+00:00,yfinance,723.77001953125,0.0080221858849922,0.0169737063165198,0.1216768442297367,0.0395,0.0,,2.8100000000000023,0.04459255732762044,1.072251880787037,0.06976099846977228
2026-05-05T00:00:00Z,SPY,SPY260618C00678000,call,678.0,0.12054794520547946,42.93,0.2772899420166015,58.84,61.65,60.245000000000005,,15.0,2026-06-18,2026-04-29 17:32:46+00:00,0.0,0.0,True,REGULAR,USD,2026-05-07T20:54:04+00:00,yfinance,723.77001953125,0.0080221858849922,0.0169737063165198,0.1216768442297367,0.0395,0.0,,2.809999999999995,0.046642874927379785,1.0675074034384218,0.06532640140190658
2026-05-05T00:00:00Z,SPY,SPY260618C00680000,call,680.0,0.12054794520547946,57.58,0.2730785583496093,57.0,59.81,58.405,106.0,17060.0,2026-06-18,2026-05-07 19:24:52+00:00,-2.4199982,-4.0333304,True,REGULAR,USD,2026-05-07T20:54:04+00:00,yfinance,723.77001953125,0.0080221858849922,0.0169737063165198,0.1216768442297367,0.0395,0.0,,2.8100000000000023,0.04811231915075768,1.06436767578125,0.06238089117214974
2026-05-05T00:00:00Z,SPY,SPY260618C00681000,call,681.0,0.12054794520547946,56.69,0.271064418334961,56.08,58.9,57.489999999999995,15.0,48.0,2026-06-18,2026-05-06 16:58:13+00:00,0.0,0.0,True,REGULAR,USD,2026-05-07T20:54:04+00:00,yfinance,723.77001953125,0.0080221858849922,0.0169737063165198,0.1216768442297367,0.0395,0.0,,2.8200000000000003,0.049052009045051324,1.0628047276523496,0.060911383192789915
2026-05-05T00:00:00Z,SPY,SPY260618C00685000,call,685.0,0.12054794520547946,53.24,0.2627942373657227,52.44,55.26,53.849999999999994,223.0,15787.0,2026-06-18,2026-05-07 19:56:26+00:00,-2.7599983,-4.9285684,True,REGULAR,USD,2026-05-07T20:54:04+00:00,yfinance,723.77001953125,0.0080221858849922,0.0169737063165198,0.1216768442297367,0.0395,0.0,,2.8200000000000003,0.052367688022284135,1.0565985686587591,0.05505485108007691
2026-05-05T00:00:00Z,SPY,SPY260618C00690000,call,690.0,0.12054794520547946,48.38,0.2528150891113281,47.96,50.78,49.370000000000005,106.0,16495.0,2026-06-18,2026-05-07 19:07:52+00:00,-3.1699982,-6.149366,True,REGULAR,USD,2026-05-07T20:54:04+00:00,yfinance,723.77001953125,0.0080221858849922,0.0169737063165198,0.1216768442297367,0.0395,0.0,,2.8200000000000003,0.05711970832489366,1.0489420572916666,0.04778209175099704
2026-05-05T00:00:00Z,SPY,SPY260618C00695000,call,695.0,0.12054794520547946,44.12,0.2428664581298827,43.55,46.36,44.955,36.0,25224.0,2026-06-18,2026-05-07 19:25:04+00:00,-2.7800026,-5.9275103,True,REGULAR,USD,2026-05-07T20:54:04+00:00,yfinance,723.77001953125,0.0080221858849922,0.0169737063165198,0.1216768442297367,0.0395,0.0,,2.8100000000000023,0.06250695139584034,1.0413957115557555,0.040561843777510175
2026-05-05T00:00:00Z,SPY,SPY260618C00697000,call,697.0,0.12054794520547946,42.3,0.2390212817382812,41.81,44.62,43.215,10.0,23.0,2026-06-18,2026-05-07 19:16:26+00:00,-2.2600021,-5.071818,True,REGULAR,USD,2026-05-07T20:54:04+00:00,yfinance,723.77001953125,0.0080221858849922,0.0169737063165198,0.1216768442297367,0.0395,0.0,,2.809999999999995,0.0650237186162211,1.038407488567073,0.037688278581778256
2026-05-05T00:00:00Z,SPY,SPY260618C00699000,call,699.0,0.12054794520547946,41.06,0.2351303294372558,40.08,42.89,41.485,86.0,39.0,2026-06-18,2026-05-07 19:44:02+00:00,-0.22999954,-0.5570345,True,REGULAR,USD,2026-05-07T20:54:04+00:00,yfinance,723.77001953125,0.0080221858849922,0.0169737063165198,0.1216768442297367,0.0395,0.0,,2.8100000000000023,0.06773532602145359,1.0354363655668812,0.034822947108491924
2026-05-05T00:00:00Z,SPY,SPY260618C00700000,call,700.0,0.12054794520547946,40.0,0.2331924826049805,39.22,42.03,40.625,926.0,30472.0,2026-06-18,2026-05-07 19:30:13+00:00,-2.709999,-6.345116,True,REGULAR,USD,2026-05-07T20:54:04+00:00,yfinance,723.77001953125,0.0080221858849922,0.0169737063165198,0.1216768442297367,0.0395,0.0,,2.8100000000000023,0.06916923076923083,1.0339571707589286,0.03339335429889753
2026-05-05T00:00:00Z,SPY,SPY260618C00701000,call,701.0,0.12054794520547946,38.65,0.2313309289550781,38.37,41.18,39.775,13.0,6.0,2026-06-18,2026-05-07 19:18:33+00:00,-2.1399994,-5.246382,True,REGULAR,USD,2026-05-07T20:54:04+00:00,yfinance,723.77001953125,0.0080221858849922,0.0169737063165198,0.1216768442297367,0.0395,0.0,,2.8100000000000023,0.0706473915776242,1.0324821961929387,0.03196580230771214
2026-05-05T00:00:00Z,SPY,SPY260618C00705000,call,705.0,0.12054794520547946,35.91,0.2237321279907226,35.0,37.8,36.4,250.0,15568.0,2026-06-18,2026-05-07 19:59:02+00:00,-2.4500008,-6.386863,True,REGULAR,USD,2026-05-07T20:54:04+00:00,yfinance,723.77001953125,0.0080221858849922,0.0169737063165198,0.1216768442297367,0.0395,0.0,,2.799999999999997,0.07692307692307684,1.026624141179078,0.026275886530033505
2026-05-05T00:00:00Z,SPY,SPY260618C00710000,call,710.0,0.12054794520547946,31.41,0.214302290649414,30.93,33.67,32.3,274.0,33030.0,2026-06-18,2026-05-07 19:46:48+00:00,-2.8100014,-8.2115755,True,REGULAR,USD,2026-05-07T20:54:04+00:00,yfinance,723.77001953125,0.0080221858849922,0.0169737063165198,0.1216768442297367,0.0395,0.0,,2.740000000000002,0.08482972136222917,1.019394393705986,0.01920871930694113
2026-05-05T00:00:00Z,SPY,SPY260618C00711000,call,711.0,0.12054794520547946,30.82,0.21289849609375,30.09,32.9,31.494999999999997,19.0,1770.0,2026-06-18,2026-05-07 18:42:07+00:00,-0.14999962,-0.48433846,True,REGULAR,USD,2026-05-07T20:54:04+00:00,yfinance,723.77001953125,0.0080221858849922,0.0169737063165198,0.1216768442297367,0.0395,0.0,,2.8099999999999987,0.0892205111922527,1.0179606463168074,0.017801259539061396
2026-05-05T00:00:00Z,SPY,SPY260618C00713000,call,713.0,0.12054794520547946,31.1,0.2081835774230956,28.52,31.2,29.86,13.0,1342.0,2026-06-18,2026-05-07 16:36:22+00:00,-0.86999893,-2.721298,True,REGULAR,USD,2026-05-07T20:54:04+00:00,yfinance,723.77001953125,0.0080221858849922,0.0169737063165198,0.1216768442297367,0.0395,0.0,,2.6799999999999997,0.08975217682518419,1.015105216733871,0.014992268928006298
2026-05-05T00:00:00Z,SPY,SPY260618C00715000,call,715.0,0.12054794520547946,27.51,0.2041400387573241,27.07,29.58,28.325,102.0,38326.0,2026-06-18,2026-05-07 19:53:39+00:00,-2.83,-9.3276205,True,REGULAR,USD,2026-05-07T20:54:04+00:00,yfinance,723.77001953125,0.0080221858849922,0.0169737063165198,0.1216768442297367,0.0395,0.0,,2.509999999999998,0.08861429832303612,1.0122657615821677,0.012191146648294465
2026-05-05T00:00:00Z,SPY,SPY260618C00718000,call,718.0,0.12054794520547946,24.77,0.1981739118957519,24.87,27.2,26.035,64.0,792.0,2026-06-18,2026-05-07 17:27:08+00:00,-1.3199997,-5.0594087,True,REGULAR,USD,2026-05-07T20:54:04+00:00,yfinance,723.77001953125,0.0080221858849922,0.0169737063165198,0.1216768442297367,0.0395,0.0,,2.3299999999999983,0.0894949106971384,1.0080362389014623,0.008004120294077951
2026-05-05T00:00:00Z,SPY,SPY260618C00720000,call,720.0,0.12054794520547946,24.42,0.1841207077026367,24.42,24.67,24.545,250.0,17087.0,2026-06-18,2026-05-07 20:11:01+00:00,-1.9300003,-7.324479,True,REGULAR,USD,2026-05-07T20:54:04+00:00,yfinance,723.77001953125,0.0080221858849922,0.0169737063165198,0.1216768442297367,0.0395,0.0,,0.25,0.010185373803218578,1.0052361382378472,0.005222477332201177
2026-05-05T00:00:00Z,SPY,SPY260618C00721000,call,721.0,0.12054794520547946,23.15,0.1877675218200683,23.22,24.44,23.83,19.0,3405.0,2026-06-18,2026-05-07 17:35:54+00:00,-2.8500004,-10.961539,True,REGULAR,USD,2026-05-07T20:54:04+00:00,yfinance,723.77001953125,0.0080221858849922,0.0169737063165198,0.1216768442297367,0.0395,0.0,,1.2200000000000024,0.0511959714645406,1.003841913358183,0.0038345520573531203
2026-05-05T00:00:00Z,SPY,SPY260618C00722000,call,722.0,0.12054794520547946,22.13,0.192818130493164,21.76,24.36,23.060000000000002,459.0,4617.0,2026-06-18,2026-05-07 18:25:10+00:00,-2.6400013,-10.658059,True,REGULAR,USD,2026-05-07T20:54:04+00:00,yfinance,723.77001953125,0.0080221858849922,0.0169737063165198,0.1216768442297367,0.0395,0.0,,2.599999999999998,0.11274934952298342,1.002451550597299,0.002448550449475876
2026-05-05T00:00:00Z,SPY,SPY260618C00725000,call,725.0,0.12054794520547946,20.98,0.176216734008789,20.88,21.06,20.97,482.0,34348.0,2026-06-18,2026-05-07 20:14:49+00:00,-1.8500004,-8.1033745,True,REGULAR,USD,2026-05-07T20:54:04+00:00,yfinance,723.77001953125,0.0080221858849922,0.0169737063165198,0.1216768442297367,0.0395,0.0,,0.17999999999999972,0.00858369098712445,0.9983034752155172,-0.0016979655123726006
2026-05-05T00:00:00Z,SPY,SPY260618C00726000,call,726.0,0.12054794520547946,20.2,0.1825032922363281,20.0,21.14,20.57,50.0,350.0,2026-06-18,2026-05-07 20:02:38+00:00,-2.1899986,-9.781146,True,REGULAR,USD,2026-05-07T20:54:04+00:00,yfinance,723.77001953125,0.0080221858849922,0.0169737063165198,0.1216768442297367,0.0395,0.0,,1.1400000000000006,0.05542051531356347,0.9969284015581956,-0.0030763254824938543
2026-05-05T00:00:00Z,SPY,SPY260618C00728000,call,728.0,0.12054794520547946,18.32,0.1801534622192382,17.9,19.85,18.875,83.0,886.0,2026-06-18,2026-05-07 19:28:22+00:00,-2.1000004,-10.284037,True,REGULAR,USD,2026-05-07T20:54:04+00:00,yfinance,723.77001953125,0.0080221858849922,0.0169737063165198,0.1216768442297367,0.0395,0.0,,1.9500000000000028,0.10331125827814584,0.9941895872682005,-0.00582735885438381
2026-05-05T00:00:00Z,SPY,SPY260618C00729000,call,729.0,0.12054794520547946,17.71,0.176491389465332,17.44,18.97,18.205,144.0,575.0,2026-06-18,2026-05-07 19:28:22+00:00,-2.040001,-10.329119,True,REGULAR,USD,2026-05-07T20:54:04+00:00,yfinance,723.77001953125,0.0080221858849922,0.0169737063165198,0.1216768442297367,0.0395,0.0,,1.5299999999999976,0.08404284537215038,0.9928258155435528,-0.007200042666355996
2026-05-05T00:00:00Z,SPY,SPY260618C00730000,call,730.0,0.12054794520547946,17.6,0.1687400021362305,17.51,17.69,17.6,747.0,19104.0,2026-06-18,2026-05-07 20:14:49+00:00,-1.6900005,-8.761019,True,REGULAR,USD,2026-05-07T20:54:04+00:00,yfinance,723.77001953125,0.0080221858849922,0.0169737063165198,0.1216768442297367,0.0395,0.0,,0.17999999999999972,0.01022727272727271,0.9914657801797945,-0.008570844800134652
2026-05-05T00:00:00Z,SPY,SPY260618C00731000,call,731.0,0.12054794520547946,16.32,0.1666343103027344,16.91,16.98,16.945,1186.0,454.0,2026-06-18,2026-05-07 19:53:10+00:00,-2.4300003,-12.960002,True,REGULAR,USD,2026-05-07T20:54:04+00:00,yfinance,723.77001953125,0.0080221858849922,0.0169737063165198,0.1216768442297367,0.0395,0.0,,0.07000000000000028,0.004131012097964018,0.9901094658430233,-0.009939770407476269
2026-05-05T00:00:00Z,SPY,SPY260618C00732000,call,732.0,0.12054794520547946,16.23,0.1652305157470703,16.28,16.35,16.315,277.0,886.0,2026-06-18,2026-05-07 20:12:30+00:00,-1.8199997,-10.083101,False,REGULAR,USD,2026-05-07T20:54:04+00:00,yfinance,723.77001953125,0.0080221858849922,0.0169737063165198,0.1216768442297367,0.0395,0.0,,0.07000000000000028,0.0042905301869445465,0.9887568572831285,-0.011306824619009313
2026-05-05T00:00:00Z,SPY,SPY260618C00733000,call,733.0,0.12054794520547946,15.63,0.1638267211914063,15.66,15.73,15.695,566.0,1867.0,2026-06-18,2026-05-07 20:13:04+00:00,-2.0500002,-11.595023,False,REGULAR,USD,2026-05-07T20:54:04+00:00,yfinance,723.77001953125,0.0080221858849922,0.0169737063165198,0.1216768442297367,0.0395,0.0,,0.07000000000000028,0.004460019114367651,0.9874079393332197,-0.012672012544349244
2026-05-05T00:00:00Z,SPY,SPY260618C00734000,call,734.0,0.12054794520547946,14.62,0.1624381852722168,15.05,15.12,15.085,1775.0,10310.0,2026-06-18,2026-05-07 19:36:11+00:00,-2.0600004,-12.350122,False,REGULAR,USD,2026-05-07T20:54:04+00:00,yfinance,723.77001953125,0.0080221858849922,0.0169737063165198,0.1216768442297367,0.0395,0.0,,0.06999999999999851,0.004640371229698277,0.9860626969090599,-0.014035339272213421
2026-05-05T00:00:00Z,SPY,SPY260618C00735000,call,735.0,0.12054794520547946,14.53,0.161141201171875,14.46,14.53,14.495000000000001,1081.0,17274.0,2026-06-18,2026-05-07 20:05:01+00:00,-1.8800001,-11.45643,False,REGULAR,USD,2026-05-07T20:54:04+00:00,yfinance,723.77001953125,0.0080221858849922,0.0169737063165198,0.1216768442297367,0.0395,0.0,,0.06999999999999851,0.004829251466022663,0.9847211150085035,-0.015396809870534415
2026-05-05T00:00:00Z,SPY,SPY260618C00736000,call,736.0,0.12054794520547946,14.15,0.1597526652526855,13.87,13.94,13.905,880.0,832.0,2026-06-18,2026-05-07 20:02:44+00:00,-1.1900005,-7.7575,False,REGULAR,USD,2026-05-07T20:54:04+00:00,yfinance,723.77001953125,0.0080221858849922,0.0169737063165198,0.1216768442297367,0.0395,0.0,,0.07000000000000028,0.00503416037396622,0.9833831787109375,-0.016756429386574033
2026-05-05T00:00:00Z,SPY,SPY260618C00737000,call,737.0,0.12054794520547946,13.27,0.1584556811523437,13.31,13.37,13.34,340.0,732.0,2026-06-18,2026-05-07 20:10:15+00:00,-1.6899996,-11.296788,False,REGULAR,USD,2026-05-07T20:54:04+00:00,yfinance,723.77001953125,0.0080221858849922,0.0169737063165198,0.1216768442297367,0.0395,0.0,,0.05999999999999872,0.004497751124437685,0.98204887317673,-0.01811420284703443
2026-05-05T00:00:00Z,SPY,SPY260618C00738000,call,738.0,0.12054794520547946,13.08,0.1572502488708496,12.75,12.82,12.785,130.0,610.0,2026-06-18,2026-05-07 20:04:43+00:00,-1.4200001,-9.793103,False,REGULAR,USD,2026-05-07T20:54:04+00:00,yfinance,723.77001953125,0.0080221858849922,0.0169737063165198,0.1216768442297367,0.0395,0.0,,0.07000000000000028,0.005475166210402838,0.9807181836466802,-0.019470135258170332
2026-05-05T00:00:00Z,SPY,SPY260618C00739000,call,739.0,0.12054794520547946,12.3,0.1559380061340332,12.21,12.27,12.24,319.0,792.0,2026-06-18,2026-05-07 20:04:08+00:00,-1.7799997,-12.642043,False,REGULAR,USD,2026-05-07T20:54:04+00:00,yfinance,723.77001953125,0.0080221858849922,0.0169737063165198,0.1216768442297367,0.0395,0.0,,0.05999999999999872,0.004901960784313621,0.979391095441475,-0.020824231605899576
2026-05-05T00:00:00Z,SPY,SPY260618C00740000,call,740.0,0.12054794520547946,11.8,0.1547173152160644,11.68,11.74,11.71,3279.0,32767.0,2026-06-18,2026-05-07 20:04:10+00:00,-1.4799995,-11.144575,False,REGULAR,USD,2026-05-07T20:54:04+00:00,yfinance,723.77001953125,0.0080221858849922,0.0169737063165198,0.1216768442297367,0.0395,0.0,,0.0600000000000005,0.005123825789923184,0.9780675939611486,-0.022176496855913264
2026-05-05T00:00:00Z,SPY,SPY260618C00741000,call,741.0,0.12054794520547946,10.79,0.1535881761169433,11.16,11.23,11.195,147.0,846.0,2026-06-18,2026-05-07 19:41:26+00:00,-1.8100004,-14.365083,False,REGULAR,USD,2026-05-07T20:54:04+00:00,yfinance,723.77001953125,0.0080221858849922,0.0169737063165198,0.1216768442297367,0.0395,0.0,,0.07000000000000028,0.006252791424743214,0.9767476646845479,-0.023526935953784713
2026-05-05T00:00:00Z,SPY,SPY260618C00742000,call,742.0,0.12054794520547946,10.63,0.1523522265625,10.66,10.72,10.690000000000001,1578.0,2032.0,2026-06-18,2026-05-07 20:12:59+00:00,-1.3099995,-10.971519,False,REGULAR,USD,2026-05-07T20:54:04+00:00,yfinance,723.77001953125,0.0080221858849922,0.0169737063165198,0.1216768442297367,0.0395,0.0,,0.0600000000000005,0.005612722170252618,0.9754312931688005,-0.024875553825078275
2026-05-05T00:00:00Z,SPY,SPY260618C00743000,call,743.0,0.12054794520547946,9.79,0.1511925701904297,10.17,10.23,10.2,363.0,660.0,2026-06-18,2026-05-07 19:56:50+00:00,-1.8400002,-15.821154,False,REGULAR,USD,2026-05-07T20:54:04+00:00,yfinance,723.77001953125,0.0080221858849922,0.0169737063165198,0.1216768442297367,0.0395,0.0,,0.0600000000000005,0.00588235294117652,0.9741184650487887,-0.02622235537545691
2026-05-05T00:00:00Z,SPY,SPY260618C00744000,call,744.0,0.12054794520547946,9.31,0.150124465637207,9.69,9.76,9.725,378.0,717.0,2026-06-18,2026-05-07 19:41:35+00:00,-1.6999998,-15.440507,False,REGULAR,USD,2026-05-07T20:54:04+00:00,yfinance,723.77001953125,0.0080221858849922,0.0169737063165198,0.1216768442297367,0.0395,0.0,,0.07000000000000028,0.007197943444730107,0.9728091660366264,-0.02756734549078963
2026-05-05T00:00:00Z,SPY,SPY260618C00745000,call,745.0,0.12054794520547946,9.24,0.1490411024475098,9.23,9.3,9.265,717.0,20678.0,2026-06-18,2026-05-07 20:08:17+00:00,-1.5700006,-14.523594,False,REGULAR,USD,2026-05-07T20:54:04+00:00,yfinance,723.77001953125,0.0080221858849922,0.0169737063165198,0.1216768442297367,0.0395,0.0,,0.07000000000000028,0.007555315704263387,0.9715033819211409,-0.02891052903725731
2026-05-05T00:00:00Z,SPY,SPY260618C00746000,call,746.0,0.12054794520547946,8.79,0.1479577392578125,8.79,8.85,8.82,119.0,888.0,2026-06-18,2026-05-07 20:07:43+00:00,-1.2399998,-12.362909,False,REGULAR,USD,2026-05-07T20:54:04+00:00,yfinance,723.77001953125,0.0080221858849922,0.0169737063165198,0.1216768442297367,0.0395,0.0,,0.0600000000000005,0.00680272108843543,0.9702010985673593,-0.03025191086145864
2026-05-05T00:00:00Z,SPY,SPY260618C00747000,call,747.0,0.12054794520547946,7.75,0.1468286001586914,8.35,8.41,8.379999999999999,279.0,790.0,2026-06-18,2026-05-07 19:28:49+00:00,-2.0299997,-20.756643,False,REGULAR,USD,2026-05-07T20:54:04+00:00,yfinance,723.77001953125,0.0080221858849922,0.0169737063165198,0.1216768442297367,0.0395,0.0,,0.0600000000000005,0.007159904534606265,0.9689023019159974,-0.03159149579051507
2026-05-05T00:00:00Z,SPY,SPY260618C00748000,call,748.0,0.12054794520547946,8.2,0.1458062715148925,7.93,7.99,7.96,164.0,1100.0,2026-06-18,2026-05-07 20:02:45+00:00,-0.9000006,-9.890116,False,REGULAR,USD,2026-05-07T20:54:04+00:00,yfinance,723.77001953125,0.0080221858849922,0.0169737063165198,0.1216768442297367,0.0395,0.0,,0.0600000000000005,0.007537688442211117,0.9676069779829546,-0.032929288632174994
2026-05-05T00:00:00Z,SPY,SPY260618C00749000,call,749.0,0.12054794520547946,7.1,0.1448754946899414,7.53,7.59,7.5600000000000005,157.0,928.0,2026-06-18,2026-05-07 18:50:56+00:00,-1.6799998,-19.134396,False,REGULAR,USD,2026-05-07T20:54:04+00:00,yfinance,723.77001953125,0.0080221858849922,0.0169737063165198,0.1216768442297367,0.0395,0.0,,0.05999999999999961,0.007936507936507884,0.9663151128588118,-0.03426529417491724
2026-05-05T00:00:00Z,SPY,SPY260618C00750000,call,750.0,0.12054794520547946,7.15,0.143914200592041,7.14,7.2,7.17,4366.0,25680.0,2026-06-18,2026-05-07 20:14:22+00:00,-1.44,-16.763678,False,REGULAR,USD,2026-05-07T20:54:04+00:00,yfinance,723.77001953125,0.0080221858849922,0.0169737063165198,0.1216768442297367,0.0395,0.0,,0.0600000000000005,0.008368200836820152,0.9650266927083333,-0.03559951718805395
2026-05-05T00:00:00Z,SPY,SPY260618C00751000,call,751.0,0.12054794520547946,6.49,0.142937647857666,6.76,6.82,6.79,411.0,1611.0,2026-06-18,2026-05-07 19:40:35+00:00,-1.4500003,-18.261969,False,REGULAR,USD,2026-05-07T20:54:04+00:00,yfinance,723.77001953125,0.0080221858849922,0.0169737063165198,0.1216768442297367,0.0395,0.0,,0.0600000000000005,0.008836524300441899,0.9637417037699734,-0.03693196242183254
2026-05-05T00:00:00Z,SPY,SPY260618C00755000,call,755.0,0.12054794520547946,5.35,0.1394129028320312,5.39,5.45,5.42,2231.0,27848.0,2026-06-18,2026-05-07 20:09:02+00:00,-1.3200002,-19.790108,False,REGULAR,USD,2026-05-07T20:54:04+00:00,yfinance,723.77001953125,0.0080221858849922,0.0169737063165198,0.1216768442297367,0.0395,0.0,,0.0600000000000005,0.011070110701107102,0.9586357874586092,-0.042244059906722545
2026-05-05T00:00:00Z,SPY,SPY260618C00760000,call,760.0,0.12054794520547946,3.94,0.1355066918945313,3.98,4.03,4.005,2355.0,13801.0,2026-06-18,2026-05-07 20:09:02+00:00,-1.06,-21.199999,False,REGULAR,USD,2026-05-07T20:54:04+00:00,yfinance,723.77001953125,0.0080221858849922,0.0169737063165198,0.1216768442297367,0.0395,0.0,,0.050000000000000266,0.012484394506866484,0.9523289730674342,-0.04884474393807452
2026-05-05T00:00:00Z,SPY,SPY260618C00765000,call,765.0,0.12054794520547946,2.86,0.1323023782348633,2.88,2.92,2.9,3273.0,12235.0,2026-06-18,2026-05-07 20:13:28+00:00,-0.75,-20.775623,False,REGULAR,USD,2026-05-07T20:54:04+00:00,yfinance,723.77001953125,0.0080221858849922,0.0169737063165198,0.1216768442297367,0.0395,0.0,,0.040000000000000036,0.013793103448275874,0.9461046006944445,-0.05540214448423361
2026-05-05T00:00:00Z,SPY,SPY260618C00770000,call,770.0,0.12054794520547946,2.06,0.1295863409423828,2.04,2.07,2.0549999999999997,1008.0,12076.0,2026-06-18,2026-05-07 20:10:23+00:00,-0.6700001,-24.542128,False,REGULAR,USD,2026-05-07T20:54:04+00:00,yfinance,723.77001953125,0.0080221858849922,0.0169737063165198,0.1216768442297367,0.0395,0.0,,0.029999999999999805,0.014598540145985309,0.9399610643262987,-0.06191682550542736
2026-05-05T00:00:00Z,SPY,SPY260618C00775000,call,775.0,0.12054794520547946,1.43,0.1278163391113281,1.42,1.46,1.44,1011.0,6891.0,2026-06-18,2026-05-07 20:10:23+00:00,-0.65,-31.250002,False,REGULAR,USD,2026-05-07T20:54:04+00:00,yfinance,723.77001953125,0.0080221858849922,0.0169737063165198,0.1216768442297367,0.0395,0.0,,0.040000000000000036,0.027777777777777804,0.9338967993951612,-0.06838934001104485
2026-05-05T00:00:00Z,SPY,SPY260618C00780000,call,780.0,0.12054794520547946,1.01,0.1266566827392578,0.99,1.02,1.005,654.0,8502.0,2026-06-18,2026-05-07 20:13:28+00:00,-0.49,-32.666668,False,REGULAR,USD,2026-05-07T20:54:04+00:00,yfinance,723.77001953125,0.0080221858849922,0.0169737063165198,0.1216768442297367,0.0395,0.0,,0.030000000000000027,0.029850746268656747,0.9279102814503205,-0.07482023034133523
2026-05-05T00:00:00Z,SPY,SPY260618C00785000,call,785.0,0.12054794520547946,0.65,0.125985302734375,0.69,0.71,0.7,320.0,4512.0,2026-06-18,2026-05-07 18:39:50+00:00,-0.42000008,-39.252342,False,REGULAR,USD,2026-05-07T20:54:04+00:00,yfinance,723.77001953125,0.0080221858849922,0.0169737063165198,0.1216768442297367,0.0395,0.0,,0.020000000000000018,0.0285714285714286,0.9220000248805732,-0.08121002844010627
2026-05-05T00:00:00Z,SPY,SPY260618C00790000,call,790.0,0.12054794520547946,0.5,0.1265346136474609,0.49,0.51,0.5,252.0,7675.0,2026-06-18,2026-05-07 20:07:48+00:00,-0.3,-37.5,False,REGULAR,USD,2026-05-07T20:54:04+00:00,yfinance,723.77001953125,0.0080221858849922,0.0169737063165198,0.1216768442297367,0.0395,0.0,,0.020000000000000018,0.040000000000000036,0.9161645816851266,-0.08755925611876496
2026-05-05T00:00:00Z,SPY,SPY260618C00795000,call,795.0,0.12054794520547946,0.37,0.1280604772949218,0.36,0.38,0.37,111.0,3481.0,2026-06-18,2026-05-07 17:38:41+00:00,-0.19999999,-35.087715,False,REGULAR,USD,2026-05-07T20:54:04+00:00,yfinance,723.77001953125,0.0080221858849922,0.0169737063165198,0.1216768442297367,0.0395,0.0,,0.020000000000000018,0.054054054054054106,0.9104025402908805,-0.09386842531202967
2026-05-05T00:00:00Z,SPY,SPY260618C00800000,call,800.0,0.12054794520547946,0.27,0.1301356518554687,0.27,0.29,0.28,952.0,20594.0,2026-06-18,2026-05-07 19:54:29+00:00,-0.19999999,-42.55319,False,REGULAR,USD,2026-05-07T20:54:04+00:00,yfinance,723.77001953125,0.0080221858849922,0.0169737063165198,0.1216768442297367,0.0395,0.0,,0.019999999999999962,0.07142857142857129,0.9047125244140625,-0.10013803832562512
