timestamp,underlying_symbol,option_symbol,market_price,bs_price,fair_value,edge,delta,gamma,regime_label,regime_probabilities,signal,transaction_cost_estimate,safety_margin,regime_probability_stable_low_volatility,regime_probability_stress_high_volatility,regime_probability_transition_uncertainty
2026-05-05T00:00:00Z,SPY,SPY260529C00658000,76.44,72.82597049985554,76.29683685302734,-0.14316314697265398,11.33537483215332,-0.9309256672859192,transition_uncertainty,"(0.010953739079171, 3.889155618166566e-05, 0.9890073693639776)",SELL,0.0,0.0,0.010953739079171,3.889155618166566e-05,0.9890073693639776
2026-05-05T00:00:00Z,SPY,SPY260529C00664000,70.56,67.01686935045132,70.3321533203125,-0.22784667968750227,11.356420516967773,-0.9264415502548218,transition_uncertainty,"(0.010953739079171, 3.889155618166566e-05, 0.9890073693639776)",SELL,0.0,0.0,0.010953739079171,3.889155618166566e-05,0.9890073693639776
2026-05-05T00:00:00Z,SPY,SPY260529C00670000,64.72,61.2569853101802,64.43738555908203,-0.2826144409179676,11.373550415039062,-0.9275537133216858,transition_uncertainty,"(0.010953739079171, 3.889155618166566e-05, 0.9890073693639776)",SELL,0.0,0.0,0.010953739079171,3.889155618166566e-05,0.9890073693639776
2026-05-05T00:00:00Z,SPY,SPY260529C00679000,56.03,52.709812954206996,55.744590759277344,-0.2854092407226574,11.397808074951172,-0.9439476728439331,transition_uncertainty,"(0.010953739079171, 3.889155618166566e-05, 0.9890073693639776)",SELL,0.0,0.0,0.010953739079171,3.889155618166566e-05,0.9890073693639776
2026-05-05T00:00:00Z,SPY,SPY260529C00680000,55.08,51.77993597988461,54.79077911376953,-0.28922088623046704,11.400755882263184,-0.9468876719474792,transition_uncertainty,"(0.010953739079171, 3.889155618166566e-05, 0.9890073693639776)",SELL,0.0,0.0,0.010953739079171,3.889155618166566e-05,0.9890073693639776
2026-05-05T00:00:00Z,SPY,SPY260529C00681000,54.120000000000005,50.83764162682439,53.839542388916016,-0.2804576110839889,11.403790473937988,-0.9500094056129456,transition_uncertainty,"(0.010953739079171, 3.889155618166566e-05, 0.9890073693639776)",SELL,0.0,0.0,0.010953739079171,3.889155618166566e-05,0.9890073693639776
2026-05-05T00:00:00Z,SPY,SPY260529C00683000,52.215,48.9654044814323,51.94488525390625,-0.2701147460937534,11.410151481628418,-0.95669025182724,transition_uncertainty,"(0.010953739079171, 3.889155618166566e-05, 0.9890073693639776)",SELL,0.0,0.0,0.010953739079171,3.889155618166566e-05,0.9890073693639776
2026-05-05T00:00:00Z,SPY,SPY260529C00684000,51.265,48.03573515491132,51.00156021118164,-0.26343978881835994,11.413476943969727,-0.9601786732673645,transition_uncertainty,"(0.010953739079171, 3.889155618166566e-05, 0.9890073693639776)",SELL,0.0,0.0,0.010953739079171,3.889155618166566e-05,0.9890073693639776
2026-05-05T00:00:00Z,SPY,SPY260529C00685000,49.72,45.74723711695924,50.06095504760742,0.340955047607423,11.416895866394043,-0.9637073874473572,transition_uncertainty,"(0.010953739079171, 3.889155618166566e-05, 0.9890073693639776)",BUY,0.0,0.0,0.010953739079171,3.889155618166566e-05,0.9890073693639776
2026-05-05T00:00:00Z,SPY,SPY260529C00690000,45.615,42.52170309784265,45.40031433105469,-0.2146856689453145,11.434915542602539,-0.9797499775886536,transition_uncertainty,"(0.010953739079171, 3.889155618166566e-05, 0.9890073693639776)",SELL,0.0,0.0,0.010953739079171,3.889155618166566e-05,0.9890073693639776
2026-05-05T00:00:00Z,SPY,SPY260529C00695000,40.975,38.01287493997637,40.81534957885742,-0.15965042114257955,11.45139217376709,-0.984477698802948,transition_uncertainty,"(0.010953739079171, 3.889155618166566e-05, 0.9890073693639776)",SELL,0.0,0.0,0.010953739079171,3.889155618166566e-05,0.9890073693639776
2026-05-05T00:00:00Z,SPY,SPY260529C00696000,40.06,37.11993609400497,39.908226013183594,-0.15177398681640852,11.453843116760254,-0.9826340079307556,transition_uncertainty,"(0.010953739079171, 3.889155618166566e-05, 0.9890073693639776)",SELL,0.0,0.0,0.010953739079171,3.889155618166566e-05,0.9890073693639776
2026-05-05T00:00:00Z,SPY,SPY260529C00697000,38.835,35.543665172602516,39.00455093383789,0.16955093383788977,11.455804824829102,-0.9794653654098511,transition_uncertainty,"(0.010953739079171, 3.889155618166566e-05, 0.9890073693639776)",BUY,0.0,0.0,0.010953739079171,3.889155618166566e-05,0.9890073693639776
2026-05-05T00:00:00Z,SPY,SPY260529C00700000,36.24,33.20274134008133,36.31560516357422,0.07560516357421676,11.45747184753418,-0.9599841237068176,transition_uncertainty,"(0.010953739079171, 3.889155618166566e-05, 0.9890073693639776)",BUY,0.0,0.0,0.010953739079171,3.889155618166566e-05,0.9890073693639776
2026-05-05T00:00:00Z,SPY,SPY260529C00701000,35.155,31.921927981726412,35.42704391479492,0.27204391479492074,11.456141471862793,-0.9494280219078064,transition_uncertainty,"(0.010953739079171, 3.889155618166566e-05, 0.9890073693639776)",BUY,0.0,0.0,0.010953739079171,3.889155618166566e-05,0.9890073693639776
2026-05-05T00:00:00Z,SPY,SPY260529C00703000,33.735,31.02637465655488,33.66244888305664,-0.0725511169433588,11.449602127075195,-0.9207810759544373,transition_uncertainty,"(0.010953739079171, 3.889155618166566e-05, 0.9890073693639776)",SELL,0.0,0.0,0.010953739079171,3.889155618166566e-05,0.9890073693639776
2026-05-05T00:00:00Z,SPY,SPY260529C00705000,31.975,29.341554277302066,31.91567039489746,-0.059329605102540484,11.436544418334961,-0.8803754448890686,transition_uncertainty,"(0.010953739079171, 3.889155618166566e-05, 0.9890073693639776)",SELL,0.0,0.0,0.010953739079171,3.889155618166566e-05,0.9890073693639776
2026-05-05T00:00:00Z,SPY,SPY260529C00706000,31.095,28.499403838511455,31.049480438232422,-0.04551956176757699,11.426996231079102,-0.8551050424575806,transition_uncertainty,"(0.010953739079171, 3.889155618166566e-05, 0.9890073693639776)",SELL,0.0,0.0,0.010953739079171,3.889155618166566e-05,0.9890073693639776
2026-05-05T00:00:00Z,SPY,SPY260529C00707000,30.225,27.66829572663562,30.18838882446289,-0.036611175537110796,11.415106773376465,-0.8261036276817322,transition_uncertainty,"(0.010953739079171, 3.889155618166566e-05, 0.9890073693639776)",SELL,0.0,0.0,0.010953739079171,3.889155618166566e-05,0.9890073693639776
2026-05-05T00:00:00Z,SPY,SPY260529C00708000,29.365000000000002,26.850647760525817,29.33257293701172,-0.03242706298828324,11.400603294372559,-0.7931093573570251,transition_uncertainty,"(0.010953739079171, 3.889155618166566e-05, 0.9890073693639776)",SELL,0.0,0.0,0.010953739079171,3.889155618166566e-05,0.9890073693639776
2026-05-05T00:00:00Z,SPY,SPY260529C00709000,28.505000000000003,26.032495194040337,28.482370376586914,-0.022629623413088495,11.38320541381836,-0.7558724880218506,transition_uncertainty,"(0.010953739079171, 3.889155618166566e-05, 0.9890073693639776)",SELL,0.0,0.0,0.010953739079171,3.889155618166566e-05,0.9890073693639776
2026-05-05T00:00:00Z,SPY,SPY260529C00710000,27.65,25.21597920777367,27.638032913208008,-0.011967086791990766,11.362617492675781,-0.7141526937484741,transition_uncertainty,"(0.010953739079171, 3.889155618166566e-05, 0.9890073693639776)",SELL,0.0,0.0,0.010953739079171,3.889155618166566e-05,0.9890073693639776
2026-05-05T00:00:00Z,SPY,SPY260529C00711000,26.805,24.420073023601105,26.799854278564453,-0.005145721435546591,11.338539123535156,-0.6677265763282776,transition_uncertainty,"(0.010953739079171, 3.889155618166566e-05, 0.9890073693639776)",SELL,0.0,0.0,0.010953739079171,3.889155618166566e-05,0.9890073693639776
2026-05-05T00:00:00Z,SPY,SPY260529C00712000,25.92,23.518808329304136,25.968122482299805,0.04812248229980298,11.31065845489502,-0.6163910627365112,transition_uncertainty,"(0.010953739079171, 3.889155618166566e-05, 0.9890073693639776)",BUY,0.0,0.0,0.010953739079171,3.889155618166566e-05,0.9890073693639776
2026-05-05T00:00:00Z,SPY,SPY260529C00713000,25.08,22.72666532741124,25.143253326416016,0.06325332641601733,11.278658866882324,-0.5599743723869324,transition_uncertainty,"(0.010953739079171, 3.889155618166566e-05, 0.9890073693639776)",BUY,0.0,0.0,0.010953739079171,3.889155618166566e-05,0.9890073693639776
2026-05-05T00:00:00Z,SPY,SPY260529C00714000,24.255,21.956387638961303,24.325525283813477,0.07052528381347756,11.242218017578125,-0.4983271360397339,transition_uncertainty,"(0.010953739079171, 3.889155618166566e-05, 0.9890073693639776)",BUY,0.0,0.0,0.010953739079171,3.889155618166566e-05,0.9890073693639776
2026-05-05T00:00:00Z,SPY,SPY260529C00715000,23.515,21.025266147801403,23.51531219482422,0.00031219482421818157,11.201017379760742,-0.4313407242298126,transition_uncertainty,"(0.010953739079171, 3.889155618166566e-05, 0.9890073693639776)",BUY,0.0,0.0,0.010953739079171,3.889155618166566e-05,0.9890073693639776
2026-05-05T00:00:00Z,SPY,SPY260529C00716000,22.630000000000003,20.427393177062015,22.7130069732666,0.083006973266599,11.154741287231445,-0.3589463233947754,transition_uncertainty,"(0.010953739079171, 3.889155618166566e-05, 0.9890073693639776)",BUY,0.0,0.0,0.010953739079171,3.889155618166566e-05,0.9890073693639776
2026-05-05T00:00:00Z,SPY,SPY260529C00717000,21.845,19.446175729176332,21.919015884399414,0.0740158843994152,11.103074073791504,-0.2811209559440613,transition_uncertainty,"(0.010953739079171, 3.889155618166566e-05, 0.9890073693639776)",BUY,0.0,0.0,0.010953739079171,3.889155618166566e-05,0.9890073693639776
2026-05-05T00:00:00Z,SPY,SPY260529C00718000,21.06,18.6683025034921,21.133790969848633,0.07379096984863409,11.045726776123047,-0.19789546728134155,transition_uncertainty,"(0.010953739079171, 3.889155618166566e-05, 0.9890073693639776)",BUY,0.0,0.0,0.010953739079171,3.889155618166566e-05,0.9890073693639776
2026-05-05T00:00:00Z,SPY,SPY260529C00719000,20.314999999999998,18.22376699295353,20.357698440551758,0.042698440551760086,10.982401847839355,-0.10934241116046906,transition_uncertainty,"(0.010953739079171, 3.889155618166566e-05, 0.9890073693639776)",BUY,0.0,0.0,0.010953739079171,3.889155618166566e-05,0.9890073693639776
2026-05-05T00:00:00Z,SPY,SPY260529C00720000,19.545,17.21555678506985,19.591211318969727,0.04621131896972486,10.912834167480469,-0.015602827072143555,transition_uncertainty,"(0.010953739079171, 3.889155618166566e-05, 0.9890073693639776)",BUY,0.0,0.0,0.010953739079171,3.889155618166566e-05,0.9890073693639776
2026-05-05T00:00:00Z,SPY,SPY260529C00721000,18.73,15.955337945121357,18.834749221801758,0.10474922180175739,10.836776733398438,0.08313170075416565,transition_uncertainty,"(0.010953739079171, 3.889155618166566e-05, 0.9890073693639776)",BUY,0.0,0.0,0.010953739079171,3.889155618166566e-05,0.9890073693639776
2026-05-05T00:00:00Z,SPY,SPY260529C00722000,17.875,15.135157210090313,18.088804244995117,0.2138042449951172,10.754008293151855,0.186599001288414,transition_uncertainty,"(0.010953739079171, 3.889155618166566e-05, 0.9890073693639776)",BUY,0.0,0.0,0.010953739079171,3.889155618166566e-05,0.9890073693639776
2026-05-05T00:00:00Z,SPY,SPY260529C00723000,17.384999999999998,14.439357697439675,17.35379981994629,-0.031200180053708948,10.664337158203125,0.29448479413986206,transition_uncertainty,"(0.010953739079171, 3.889155618166566e-05, 0.9890073693639776)",SELL,0.0,0.0,0.010953739079171,3.889155618166566e-05,0.9890073693639776
2026-05-05T00:00:00Z,SPY,SPY260529C00724000,16.41,13.788422646604658,16.63021469116211,0.22021469116210923,10.56761360168457,0.4064205288887024,transition_uncertainty,"(0.010953739079171, 3.889155618166566e-05, 0.9890073693639776)",BUY,0.0,0.0,0.010953739079171,3.889155618166566e-05,0.9890073693639776
2026-05-05T00:00:00Z,SPY,SPY260529C00725000,15.875,13.564494121830194,15.918474197387695,0.04347419738769531,10.463708877563477,0.5219436287879944,transition_uncertainty,"(0.010953739079171, 3.889155618166566e-05, 0.9890073693639776)",BUY,0.0,0.0,0.010953739079171,3.889155618166566e-05,0.9890073693639776
2026-05-05T00:00:00Z,SPY,SPY260529C00726000,15.469999999999999,13.40747499549127,15.219049453735352,-0.2509505462646473,10.352546691894531,0.6405806541442871,transition_uncertainty,"(0.010953739079171, 3.889155618166566e-05, 0.9890073693639776)",SELL,0.0,0.0,0.010953739079171,3.889155618166566e-05,0.9890073693639776
2026-05-05T00:00:00Z,SPY,SPY260529C00727000,14.465,12.745001790976403,14.53238582611084,0.06738582611083999,10.234089851379395,0.7617796659469604,transition_uncertainty,"(0.010953739079171, 3.889155618166566e-05, 0.9890073693639776)",BUY,0.0,0.0,0.010953739079171,3.889155618166566e-05,0.9890073693639776
2026-05-05T00:00:00Z,SPY,SPY260529C00728000,14.0,11.532565686944451,13.858881950378418,-0.14111804962158203,10.108345031738281,0.8849585056304932,transition_uncertainty,"(0.010953739079171, 3.889155618166566e-05, 0.9890073693639776)",SELL,0.0,0.0,0.010953739079171,3.889155618166566e-05,0.9890073693639776
2026-05-05T00:00:00Z,SPY,SPY260529C00729000,13.445,11.514969344328392,13.19898509979248,-0.24601490020751982,9.975366592407227,1.0094914436340332,transition_uncertainty,"(0.010953739079171, 3.889155618166566e-05, 0.9890073693639776)",SELL,0.0,0.0,0.010953739079171,3.889155618166566e-05,0.9890073693639776
2026-05-05T00:00:00Z,SPY,SPY260529C00730000,12.434999999999999,9.85968576378474,12.553081512451172,0.11808151245117315,9.835257530212402,1.1347225904464722,transition_uncertainty,"(0.010953739079171, 3.889155618166566e-05, 0.9890073693639776)",BUY,0.0,0.0,0.010953739079171,3.889155618166566e-05,0.9890073693639776
2026-05-05T00:00:00Z,SPY,SPY260529C00731000,11.975000000000001,9.640796366303448,11.921513557434082,-0.05348644256591939,9.688154220581055,1.2600159645080566,transition_uncertainty,"(0.010953739079171, 3.889155618166566e-05, 0.9890073693639776)",SELL,0.0,0.0,0.010953739079171,3.889155618166566e-05,0.9890073693639776
2026-05-05T00:00:00Z,SPY,SPY260529C00732000,11.165,8.673870451159928,11.304665565490723,0.1396655654907235,9.534260749816895,1.3847246170043945,transition_uncertainty,"(0.010953739079171, 3.889155618166566e-05, 0.9890073693639776)",BUY,0.0,0.0,0.010953739079171,3.889155618166566e-05,0.9890073693639776
2026-05-05T00:00:00Z,SPY,SPY260529C00733000,10.559999999999999,8.156998739595508,10.702847480773926,0.14284748077392706,9.373806953430176,1.5082834959030151,transition_uncertainty,"(0.010953739079171, 3.889155618166566e-05, 0.9890073693639776)",BUY,0.0,0.0,0.010953739079171,3.889155618166566e-05,0.9890073693639776
2026-05-05T00:00:00Z,SPY,SPY260529C00734000,9.975,7.6510356108422,10.116353988647461,0.1413539886474613,9.207051277160645,1.6301649808883667,transition_uncertainty,"(0.010953739079171, 3.889155618166566e-05, 0.9890073693639776)",BUY,0.0,0.0,0.010953739079171,3.889155618166566e-05,0.9890073693639776
2026-05-05T00:00:00Z,SPY,SPY260529C00735000,9.399999999999999,7.1661276299016095,9.545434951782227,0.14543495178222798,9.034294128417969,1.7500272989273071,transition_uncertainty,"(0.010953739079171, 3.889155618166566e-05, 0.9890073693639776)",BUY,0.0,0.0,0.010953739079171,3.889155618166566e-05,0.9890073693639776
2026-05-05T00:00:00Z,SPY,SPY260529C00736000,8.844999999999999,6.692829061973043,8.990323066711426,0.14532306671142692,8.855842590332031,1.8677067756652832,transition_uncertainty,"(0.010953739079171, 3.889155618166566e-05, 0.9890073693639776)",BUY,0.0,0.0,0.010953739079171,3.889155618166566e-05,0.9890073693639776
2026-05-05T00:00:00Z,SPY,SPY260529C00737000,8.315,6.247301387844999,8.451218605041504,0.1362186050415044,8.672004699707031,1.9833537340164185,transition_uncertainty,"(0.010953739079171, 3.889155618166566e-05, 0.9890073693639776)",BUY,0.0,0.0,0.010953739079171,3.889155618166566e-05,0.9890073693639776
2026-05-05T00:00:00Z,SPY,SPY260529C00738000,7.789999999999999,5.805587538169647,7.928291320800781,0.1382913208007821,8.48306941986084,2.0974833965301514,transition_uncertainty,"(0.010953739079171, 3.889155618166566e-05, 0.9890073693639776)",BUY,0.0,0.0,0.010953739079171,3.889155618166566e-05,0.9890073693639776
2026-05-05T00:00:00Z,SPY,SPY260529C00739000,7.295,5.40088156148758,7.421669960021973,0.12666996002197273,8.28926944732666,2.2111830711364746,transition_uncertainty,"(0.010953739079171, 3.889155618166566e-05, 0.9890073693639776)",BUY,0.0,0.0,0.010953739079171,3.889155618166566e-05,0.9890073693639776
2026-05-05T00:00:00Z,SPY,SPY260529C00740000,6.8149999999999995,5.0084392126422586,6.93147087097168,0.11647087097168018,8.09075927734375,2.3261542320251465,transition_uncertainty,"(0.010953739079171, 3.889155618166566e-05, 0.9890073693639776)",BUY,0.0,0.0,0.010953739079171,3.889155618166566e-05,0.9890073693639776
2026-05-05T00:00:00Z,SPY,SPY260529C00741000,6.355,4.634431568487344,6.457806587219238,0.10280658721923785,7.887580871582031,2.4449284076690674,transition_uncertainty,"(0.010953739079171, 3.889155618166566e-05, 0.9890073693639776)",BUY,0.0,0.0,0.010953739079171,3.889155618166566e-05,0.9890073693639776
2026-05-05T00:00:00Z,SPY,SPY260529C00742000,5.915,4.278807156164504,6.000733852386475,0.08573385238647457,7.679591178894043,2.5709455013275146,transition_uncertainty,"(0.010953739079171, 3.889155618166566e-05, 0.9890073693639776)",BUY,0.0,0.0,0.010953739079171,3.889155618166566e-05,0.9890073693639776
2026-05-05T00:00:00Z,SPY,SPY260529C00743000,5.49,3.934133944806632,5.560378551483154,0.07037855148315408,7.46645975112915,2.70859956741333,transition_uncertainty,"(0.010953739079171, 3.889155618166566e-05, 0.9890073693639776)",BUY,0.0,0.0,0.010953739079171,3.889155618166566e-05,0.9890073693639776
2026-05-05T00:00:00Z,SPY,SPY260529C00744000,5.085,3.6186837263303744,5.136826515197754,0.05182651519775394,7.2475738525390625,2.8632538318634033,transition_uncertainty,"(0.010953739079171, 3.889155618166566e-05, 0.9890073693639776)",BUY,0.0,0.0,0.010953739079171,3.889155618166566e-05,0.9890073693639776
2026-05-05T00:00:00Z,SPY,SPY260529C00745000,4.705,3.3209282983800392,4.730203151702881,0.02520315170288079,7.022038459777832,3.0409882068634033,transition_uncertainty,"(0.010953739079171, 3.889155618166566e-05, 0.9890073693639776)",BUY,0.0,0.0,0.010953739079171,3.889155618166566e-05,0.9890073693639776
2026-05-05T00:00:00Z,SPY,SPY260529C00746000,4.335,3.032279962758537,4.340701580047607,0.005701580047607457,6.788661003112793,3.2481353282928467,transition_uncertainty,"(0.010953739079171, 3.889155618166566e-05, 0.9890073693639776)",BUY,0.0,0.0,0.010953739079171,3.889155618166566e-05,0.9890073693639776
2026-05-05T00:00:00Z,SPY,SPY260529C00747000,3.99,2.762931771817648,3.9685609340667725,-0.021439065933227752,6.545961380004883,3.4905691146850586,transition_uncertainty,"(0.010953739079171, 3.889155618166566e-05, 0.9890073693639776)",SELL,0.0,0.0,0.010953739079171,3.889155618166566e-05,0.9890073693639776
2026-05-05T00:00:00Z,SPY,SPY260529C00748000,3.66,2.510804743055388,3.6140806674957275,-0.0459193325042726,6.292250633239746,3.7725472450256348,transition_uncertainty,"(0.010953739079171, 3.889155618166566e-05, 0.9890073693639776)",SELL,0.0,0.0,0.010953739079171,3.889155618166566e-05,0.9890073693639776
2026-05-05T00:00:00Z,SPY,SPY260529C00749000,3.355,2.285774246937848,3.277641773223877,-0.07735822677612303,6.0257720947265625,4.095226287841797,transition_uncertainty,"(0.010953739079171, 3.889155618166566e-05, 0.9890073693639776)",SELL,0.0,0.0,0.010953739079171,3.889155618166566e-05,0.9890073693639776
2026-05-05T00:00:00Z,SPY,SPY260529C00750000,3.07,2.0691447265145797,2.9596922397613525,-0.1103077602386473,5.7449259757995605,4.455017566680908,transition_uncertainty,"(0.010953739079171, 3.889155618166566e-05, 0.9890073693639776)",SELL,0.0,0.0,0.010953739079171,3.889155618166566e-05,0.9890073693639776
2026-05-05T00:00:00Z,SPY,SPY260529C00755000,1.8900000000000001,1.2153787285283641,1.663681149482727,-0.22631885051727307,4.11910343170166,6.22410249710083,transition_uncertainty,"(0.010953739079171, 3.889155618166566e-05, 0.9890073693639776)",SELL,0.0,0.0,0.010953739079171,3.889155618166566e-05,0.9890073693639776
2026-05-05T00:00:00Z,SPY,SPY260529C00760000,1.115,0.6845996254511348,0.8641192317008972,-0.2508807682991028,2.4277403354644775,5.819093704223633,transition_uncertainty,"(0.010953739079171, 3.889155618166566e-05, 0.9890073693639776)",SELL,0.0,0.0,0.010953739079171,3.889155618166566e-05,0.9890073693639776
2026-05-05T00:00:00Z,SPY,SPY260529C00765000,0.635,0.3770394261583938,0.45353248715400696,-0.18146751284599305,1.24881911277771,3.5925979614257812,transition_uncertainty,"(0.010953739079171, 3.889155618166566e-05, 0.9890073693639776)",SELL,0.0,0.0,0.010953739079171,3.889155618166566e-05,0.9890073693639776
2026-05-05T00:00:00Z,SPY,SPY260529C00770000,0.37,0.21336521021248345,0.2600381076335907,-0.1099618923664093,0.6353132724761963,1.8443043231964111,transition_uncertainty,"(0.010953739079171, 3.889155618166566e-05, 0.9890073693639776)",SELL,0.0,0.0,0.010953739079171,3.889155618166566e-05,0.9890073693639776
2026-05-05T00:00:00Z,SPY,SPY260529C00775000,0.22,0.12647391749899484,0.1670190989971161,-0.05298090100288391,0.34434738755226135,0.9339247345924377,transition_uncertainty,"(0.010953739079171, 3.889155618166566e-05, 0.9890073693639776)",SELL,0.0,0.0,0.010953739079171,3.889155618166566e-05,0.9890073693639776
2026-05-05T00:00:00Z,SPY,SPY260529C00780000,0.14500000000000002,0.08162958938744591,0.11921294778585434,-0.025787052214145678,0.20280103385448456,0.4998641610145569,transition_uncertainty,"(0.010953739079171, 3.889155618166566e-05, 0.9890073693639776)",SELL,0.0,0.0,0.010953739079171,3.889155618166566e-05,0.9890073693639776
2026-05-05T00:00:00Z,SPY,SPY260529C00785000,0.10500000000000001,0.060768429765184706,0.09282084554433823,-0.012179154455661784,0.12914341688156128,0.28763309121131897,transition_uncertainty,"(0.010953739079171, 3.889155618166566e-05, 0.9890073693639776)",SELL,0.0,0.0,0.010953739079171,3.889155618166566e-05,0.9890073693639776
2026-05-05T00:00:00Z,SPY,SPY260529C00790000,0.08,0.05075177308058798,0.07735692709684372,-0.002643072903156282,0.08786562830209732,0.17746393382549286,transition_uncertainty,"(0.010953739079171, 3.889155618166566e-05, 0.9890073693639776)",SELL,0.0,0.0,0.010953739079171,3.889155618166566e-05,0.9890073693639776
2026-05-05T00:00:00Z,SPY,SPY260529C00795000,0.065,0.04109049460511116,0.06790140271186829,0.002901402711868284,0.06309778988361359,0.11636147648096085,transition_uncertainty,"(0.010953739079171, 3.889155618166566e-05, 0.9890073693639776)",BUY,0.0,0.0,0.010953739079171,3.889155618166566e-05,0.9890073693639776
2026-05-05T00:00:00Z,SPY,SPY260529C00800000,0.055,0.03607398681087792,0.06197783350944519,0.00697783350944519,0.04733026772737503,0.08026671409606934,transition_uncertainty,"(0.010953739079171, 3.889155618166566e-05, 0.9890073693639776)",BUY,0.0,0.0,0.010953739079171,3.889155618166566e-05,0.9890073693639776
2026-05-05T00:00:00Z,SPY,SPY260605C00658000,77.4,73.01924248996534,78.09931945800781,0.6993194580078068,10.815909385681152,-0.8357453942298889,transition_uncertainty,"(0.010953739079171, 3.889155618166566e-05, 0.9890073693639776)",BUY,0.0,0.0,0.010953739079171,3.889155618166566e-05,0.9890073693639776
2026-05-05T00:00:00Z,SPY,SPY260605C00662000,73.54499999999999,70.43433741382944,74.12740325927734,0.5824032592773563,10.817087173461914,-0.8264221549034119,transition_uncertainty,"(0.010953739079171, 3.889155618166566e-05, 0.9890073693639776)",BUY,0.0,0.0,0.010953739079171,3.889155618166566e-05,0.9890073693639776
2026-05-05T00:00:00Z,SPY,SPY260605C00671000,64.89,61.90006047001543,65.30491638183594,0.41491638183593693,10.80720043182373,-0.8109034299850464,transition_uncertainty,"(0.010953739079171, 3.889155618166566e-05, 0.9890073693639776)",BUY,0.0,0.0,0.010953739079171,3.889155618166566e-05,0.9890073693639776
2026-05-05T00:00:00Z,SPY,SPY260605C00695000,42.535,40.025930855379045,42.77001190185547,0.23501190185547216,10.74024772644043,-0.8202580809593201,transition_uncertainty,"(0.010953739079171, 3.889155618166566e-05, 0.9890073693639776)",BUY,0.0,0.0,0.010953739079171,3.889155618166566e-05,0.9890073693639776
2026-05-05T00:00:00Z,SPY,SPY260605C00696000,41.644999999999996,39.163137718237806,41.86925506591797,0.22425506591797273,10.736137390136719,-0.8187536001205444,transition_uncertainty,"(0.010953739079171, 3.889155618166566e-05, 0.9890073693639776)",BUY,0.0,0.0,0.010953739079171,3.889155618166566e-05,0.9890073693639776
2026-05-05T00:00:00Z,SPY,SPY260605C00700000,37.955,35.426587544962786,38.303165435791016,0.34816543579101733,10.715017318725586,-0.8030692338943481,transition_uncertainty,"(0.010953739079171, 3.889155618166566e-05, 0.9890073693639776)",BUY,0.0,0.0,0.010953739079171,3.889155618166566e-05,0.9890073693639776
2026-05-05T00:00:00Z,SPY,SPY260605C00704000,34.61,32.36409374091164,34.80173110961914,0.1917311096191412,10.681262016296387,-0.7641589641571045,transition_uncertainty,"(0.010953739079171, 3.889155618166566e-05, 0.9890073693639776)",BUY,0.0,0.0,0.010953739079171,3.889155618166566e-05,0.9890073693639776
2026-05-05T00:00:00Z,SPY,SPY260605C00705000,33.75,31.536302438946052,33.937496185302734,0.18749618530273438,10.669812202453613,-0.7494277358055115,transition_uncertainty,"(0.010953739079171, 3.889155618166566e-05, 0.9890073693639776)",BUY,0.0,0.0,0.010953739079171,3.889155618166566e-05,0.9890073693639776
2026-05-05T00:00:00Z,SPY,SPY260605C00706000,32.894999999999996,30.720095171447497,33.07806396484375,0.18306396484375398,10.656818389892578,-0.7322956323623657,transition_uncertainty,"(0.010953739079171, 3.889155618166566e-05, 0.9890073693639776)",BUY,0.0,0.0,0.010953739079171,3.889155618166566e-05,0.9890073693639776
2026-05-05T00:00:00Z,SPY,SPY260605C00710000,29.535,27.506212412138325,29.69220542907715,0.1572054290771483,10.585360527038574,-0.635688066482544,transition_uncertainty,"(0.010953739079171, 3.889155618166566e-05, 0.9890073693639776)",BUY,0.0,0.0,0.010953739079171,3.889155618166566e-05,0.9890073693639776
2026-05-05T00:00:00Z,SPY,SPY260605C00712000,27.79,25.075815709293067,28.033653259277344,0.2436532592773446,10.534788131713867,-0.5677974224090576,transition_uncertainty,"(0.010953739079171, 3.889155618166566e-05, 0.9890073693639776)",BUY,0.0,0.0,0.010953739079171,3.889155618166566e-05,0.9890073693639776
2026-05-05T00:00:00Z,SPY,SPY260605C00714000,26.18,23.497493092008597,26.400949478149414,0.22094947814941435,10.471711158752441,-0.4850064218044281,transition_uncertainty,"(0.010953739079171, 3.889155618166566e-05, 0.9890073693639776)",BUY,0.0,0.0,0.010953739079171,3.889155618166566e-05,0.9890073693639776
2026-05-05T00:00:00Z,SPY,SPY260605C00715000,25.425,23.543671006348347,25.595008850097656,0.17000885009765554,10.434829711914062,-0.4376835525035858,transition_uncertainty,"(0.010953739079171, 3.889155618166566e-05, 0.9890073693639776)",BUY,0.0,0.0,0.010953739079171,3.889155618166566e-05,0.9890073693639776
2026-05-05T00:00:00Z,SPY,SPY260605C00717000,23.86,22.06153677724228,24.005647659301758,0.14564765930175838,10.349078178405762,-0.3307250440120697,transition_uncertainty,"(0.010953739079171, 3.889155618166566e-05, 0.9890073693639776)",BUY,0.0,0.0,0.010953739079171,3.889155618166566e-05,0.9890073693639776
2026-05-05T00:00:00Z,SPY,SPY260605C00720000,21.564999999999998,19.55870528211517,21.68339729309082,0.11839729309082259,10.186652183532715,-0.13909192383289337,transition_uncertainty,"(0.010953739079171, 3.889155618166566e-05, 0.9890073693639776)",BUY,0.0,0.0,0.010953739079171,3.889155618166566e-05,0.9890073693639776
2026-05-05T00:00:00Z,SPY,SPY260605C00721000,21.195,19.188934144193354,20.927282333374023,-0.26771766662597685,10.122537612915039,-0.06704345345497131,transition_uncertainty,"(0.010953739079171, 3.889155618166566e-05, 0.9890073693639776)",SELL,0.0,0.0,0.010953739079171,3.889155618166566e-05,0.9890073693639776
2026-05-05T00:00:00Z,SPY,SPY260605C00722000,20.07,18.49904005476907,20.18084716796875,0.11084716796874972,10.053077697753906,0.008902540430426598,transition_uncertainty,"(0.010953739079171, 3.889155618166566e-05, 0.9890073693639776)",BUY,0.0,0.0,0.010953739079171,3.889155618166566e-05,0.9890073693639776
2026-05-05T00:00:00Z,SPY,SPY260605C00724000,18.67,17.10977070799305,18.71858024597168,0.04858024597167798,9.8973970413208,0.17173567414283752,transition_uncertainty,"(0.010953739079171, 3.889155618166566e-05, 0.9890073693639776)",BUY,0.0,0.0,0.010953739079171,3.889155618166566e-05,0.9890073693639776
2026-05-05T00:00:00Z,SPY,SPY260605C00725000,18.06,15.949338873234524,18.003564834594727,-0.05643516540527216,9.81087589263916,0.2581297755241394,transition_uncertainty,"(0.010953739079171, 3.889155618166566e-05, 0.9890073693639776)",SELL,0.0,0.0,0.010953739079171,3.889155618166566e-05,0.9890073693639776
2026-05-05T00:00:00Z,SPY,SPY260605C00726000,17.25,15.775186470584572,17.29985809326172,0.04985809326171875,9.71841049194336,0.3474361002445221,transition_uncertainty,"(0.010953739079171, 3.889155618166566e-05, 0.9890073693639776)",BUY,0.0,0.0,0.010953739079171,3.889155618166566e-05,0.9890073693639776
2026-05-05T00:00:00Z,SPY,SPY260605C00727000,16.884999999999998,15.098060451459958,16.607868194580078,-0.2771318054199199,9.619932174682617,0.43930649757385254,transition_uncertainty,"(0.010953739079171, 3.889155618166566e-05, 0.9890073693639776)",SELL,0.0,0.0,0.010953739079171,3.889155618166566e-05,0.9890073693639776
2026-05-05T00:00:00Z,SPY,SPY260605C00728000,15.794999999999998,13.612076653983479,15.927969932556152,0.1329699325561542,9.515395164489746,0.5333239436149597,transition_uncertainty,"(0.010953739079171, 3.889155618166566e-05, 0.9890073693639776)",BUY,0.0,0.0,0.010953739079171,3.889155618166566e-05,0.9890073693639776
2026-05-05T00:00:00Z,SPY,SPY260605C00729000,15.16,13.838674362423319,15.260587692260742,0.10058769226074205,9.404792785644531,0.6290687322616577,transition_uncertainty,"(0.010953739079171, 3.889155618166566e-05, 0.9890073693639776)",BUY,0.0,0.0,0.010953739079171,3.889155618166566e-05,0.9890073693639776
2026-05-05T00:00:00Z,SPY,SPY260605C00730000,14.655,12.372403577606406,14.606088638305664,-0.0489113616943353,9.288165092468262,0.7260729074478149,transition_uncertainty,"(0.010953739079171, 3.889155618166566e-05, 0.9890073693639776)",SELL,0.0,0.0,0.010953739079171,3.889155618166566e-05,0.9890073693639776
2026-05-05T00:00:00Z,SPY,SPY260605C00731000,13.745000000000001,11.634182722528237,13.964804649353027,0.21980464935302635,9.165570259094238,0.8238431811332703,transition_uncertainty,"(0.010953739079171, 3.889155618166566e-05, 0.9890073693639776)",BUY,0.0,0.0,0.010953739079171,3.889155618166566e-05,0.9890073693639776
2026-05-05T00:00:00Z,SPY,SPY260605C00732000,13.3,10.968909185714836,13.337115287780762,0.03711528778076101,9.037130355834961,0.9218845367431641,transition_uncertainty,"(0.010953739079171, 3.889155618166566e-05, 0.9890073693639776)",BUY,0.0,0.0,0.010953739079171,3.889155618166566e-05,0.9890073693639776
2026-05-05T00:00:00Z,SPY,SPY260605C00733000,12.685,10.413115841240312,12.723328590393066,0.03832859039306591,8.90298843383789,1.0196598768234253,transition_uncertainty,"(0.010953739079171, 3.889155618166566e-05, 0.9890073693639776)",BUY,0.0,0.0,0.010953739079171,3.889155618166566e-05,0.9890073693639776
2026-05-05T00:00:00Z,SPY,SPY260605C00734000,12.085,9.877695193736486,12.123746871948242,0.038746871948241335,8.76333236694336,1.1166764497756958,transition_uncertainty,"(0.010953739079171, 3.889155618166566e-05, 0.9890073693639776)",BUY,0.0,0.0,0.010953739079171,3.889155618166566e-05,0.9890073693639776
2026-05-05T00:00:00Z,SPY,SPY260605C00735000,11.5,9.364034860746756,11.538628578186035,0.038628578186035156,8.61838150024414,1.2124258279800415,transition_uncertainty,"(0.010953739079171, 3.889155618166566e-05, 0.9890073693639776)",BUY,0.0,0.0,0.010953739079171,3.889155618166566e-05,0.9890073693639776
2026-05-05T00:00:00Z,SPY,SPY260605C00736000,10.93,8.86105617767032,10.968220710754395,0.038220710754394815,8.468384742736816,1.3064556121826172,transition_uncertainty,"(0.010953739079171, 3.889155618166566e-05, 0.9890073693639776)",BUY,0.0,0.0,0.010953739079171,3.889155618166566e-05,0.9890073693639776
2026-05-05T00:00:00Z,SPY,SPY260605C00737000,10.375,8.367842458700181,10.412736892700195,0.03773689270019531,8.313631057739258,1.3983489274978638,transition_uncertainty,"(0.010953739079171, 3.889155618166566e-05, 0.9890073693639776)",BUY,0.0,0.0,0.010953739079171,3.889155618166566e-05,0.9890073693639776
2026-05-05T00:00:00Z,SPY,SPY260605C00738000,9.835,7.895656412705591,9.872366905212402,0.03736690521240149,8.154420852661133,1.4877897500991821,transition_uncertainty,"(0.010953739079171, 3.889155618166566e-05, 0.9890073693639776)",BUY,0.0,0.0,0.010953739079171,3.889155618166566e-05,0.9890073693639776
2026-05-05T00:00:00Z,SPY,SPY260605C00739000,9.309999999999999,7.442077482071795,9.347241401672363,0.03724140167236456,7.991072654724121,1.5745540857315063,transition_uncertainty,"(0.010953739079171, 3.889155618166566e-05, 0.9890073693639776)",BUY,0.0,0.0,0.010953739079171,3.889155618166566e-05,0.9890073693639776
2026-05-05T00:00:00Z,SPY,SPY260605C00740000,8.805,7.000028250576378,8.83748722076416,0.03248722076416044,7.823906898498535,1.658571720123291,transition_uncertainty,"(0.010953739079171, 3.889155618166566e-05, 0.9890073693639776)",BUY,0.0,0.0,0.010953739079171,3.889155618166566e-05,0.9890073693639776
2026-05-05T00:00:00Z,SPY,SPY260605C00741000,8.309999999999999,6.579088235552462,8.343198776245117,0.033198776245118466,7.65325403213501,1.7399672269821167,transition_uncertainty,"(0.010953739079171, 3.889155618166566e-05, 0.9890073693639776)",BUY,0.0,0.0,0.010953739079171,3.889155618166566e-05,0.9890073693639776
2026-05-05T00:00:00Z,SPY,SPY260605C00742000,7.835,6.167638973192908,7.864401340484619,0.029401340484619176,7.479400634765625,1.8191064596176147,transition_uncertainty,"(0.010953739079171, 3.889155618166566e-05, 0.9890073693639776)",BUY,0.0,0.0,0.010953739079171,3.889155618166566e-05,0.9890073693639776
2026-05-05T00:00:00Z,SPY,SPY260605C00743000,7.375,5.775032495970862,7.401158809661865,0.026158809661865234,7.302621364593506,1.8966232538223267,transition_uncertainty,"(0.010953739079171, 3.889155618166566e-05, 0.9890073693639776)",BUY,0.0,0.0,0.010953739079171,3.889155618166566e-05,0.9890073693639776
2026-05-05T00:00:00Z,SPY,SPY260605C00744000,6.9350000000000005,5.401122584491077,6.953452110290527,0.018452110290526846,7.1231231689453125,1.9735074043273926,transition_uncertainty,"(0.010953739079171, 3.889155618166566e-05, 0.9890073693639776)",BUY,0.0,0.0,0.010953739079171,3.889155618166566e-05,0.9890073693639776
2026-05-05T00:00:00Z,SPY,SPY260605C00745000,6.505000000000001,5.039245843956849,6.521256923675537,0.016256923675536328,6.941047668457031,2.0511157512664795,transition_uncertainty,"(0.010953739079171, 3.889155618166566e-05, 0.9890073693639776)",BUY,0.0,0.0,0.010953739079171,3.889155618166566e-05,0.9890073693639776
2026-05-05T00:00:00Z,SPY,SPY260605C00746000,6.1,4.704331185622777,6.104553699493408,0.004553699493408558,6.756439685821533,2.131196975708008,transition_uncertainty,"(0.010953739079171, 3.889155618166566e-05, 0.9890073693639776)",BUY,0.0,0.0,0.010953739079171,3.889155618166566e-05,0.9890073693639776
2026-05-05T00:00:00Z,SPY,SPY260605C00747000,5.710000000000001,4.37083261068733,5.703302383422852,-0.00669761657714929,6.569238662719727,2.2159006595611572,transition_uncertainty,"(0.010953739079171, 3.889155618166566e-05, 0.9890073693639776)",SELL,0.0,0.0,0.010953739079171,3.889155618166566e-05,0.9890073693639776
2026-05-05T00:00:00Z,SPY,SPY260605C00748000,5.335,4.065676604646995,5.317455768585205,-0.017544231414794886,6.37924861907959,2.307701349258423,transition_uncertainty,"(0.010953739079171, 3.889155618166566e-05, 0.9890073693639776)",SELL,0.0,0.0,0.010953739079171,3.889155618166566e-05,0.9890073693639776
2026-05-05T00:00:00Z,SPY,SPY260605C00749000,4.975,3.770173457566216,4.946979522705078,-0.02802047729492152,6.1861395835876465,2.4093029499053955,transition_uncertainty,"(0.010953739079171, 3.889155618166566e-05, 0.9890073693639776)",SELL,0.0,0.0,0.010953739079171,3.889155618166566e-05,0.9890073693639776
2026-05-05T00:00:00Z,SPY,SPY260605C00750000,4.630000000000001,3.482700762247106,4.591854572296143,-0.038145427703858203,5.989445209503174,2.5234484672546387,transition_uncertainty,"(0.010953739079171, 3.889155618166566e-05, 0.9890073693639776)",SELL,0.0,0.0,0.010953739079171,3.889155618166566e-05,0.9890073693639776
2026-05-05T00:00:00Z,SPY,SPY260605C00755000,3.175,2.3238781334083853,3.0473694801330566,-0.12763051986694318,4.9294538497924805,3.3391451835632324,transition_uncertainty,"(0.010953739079171, 3.889155618166566e-05, 0.9890073693639776)",SELL,0.0,0.0,0.010953739079171,3.889155618166566e-05,0.9890073693639776
2026-05-05T00:00:00Z,SPY,SPY260605C00760000,2.0949999999999998,1.4822401534023442,1.8950495719909668,-0.19995042800903295,3.7087278366088867,4.279451370239258,transition_uncertainty,"(0.010953739079171, 3.889155618166566e-05, 0.9890073693639776)",SELL,0.0,0.0,0.010953739079171,3.889155618166566e-05,0.9890073693639776
2026-05-05T00:00:00Z,SPY,SPY260605C00765000,1.34,0.9255926250212383,1.1272324323654175,-0.2127675676345826,2.4637632369995117,4.281039237976074,transition_uncertainty,"(0.010953739079171, 3.889155618166566e-05, 0.9890073693639776)",SELL,0.0,0.0,0.010953739079171,3.889155618166566e-05,0.9890073693639776
2026-05-05T00:00:00Z,SPY,SPY260605C00770000,0.845,0.5688472061555601,0.6744300127029419,-0.17056998729705808,1.4830702543258667,3.1877217292785645,transition_uncertainty,"(0.010953739079171, 3.889155618166566e-05, 0.9890073693639776)",SELL,0.0,0.0,0.010953739079171,3.889155618166566e-05,0.9890073693639776
2026-05-05T00:00:00Z,SPY,SPY260605C00775000,0.535,0.3557784190588862,0.42608025670051575,-0.10891974329948428,0.8674883842468262,1.9842134714126587,transition_uncertainty,"(0.010953739079171, 3.889155618166566e-05, 0.9890073693639776)",SELL,0.0,0.0,0.010953739079171,3.889155618166566e-05,0.9890073693639776
2026-05-05T00:00:00Z,SPY,SPY260605C00780000,0.35,0.22991512610658305,0.29068684577941895,-0.05931315422058103,0.5214956998825073,1.1677263975143433,transition_uncertainty,"(0.010953739079171, 3.889155618166566e-05, 0.9890073693639776)",SELL,0.0,0.0,0.010953739079171,3.889155618166566e-05,0.9890073693639776
2026-05-05T00:00:00Z,SPY,SPY260605C00785000,0.24,0.15780281504333438,0.21421626210212708,-0.025783737897872916,0.33020657300949097,0.6964768767356873,transition_uncertainty,"(0.010953739079171, 3.889155618166566e-05, 0.9890073693639776)",SELL,0.0,0.0,0.010953739079171,3.889155618166566e-05,0.9890073693639776
2026-05-05T00:00:00Z,SPY,SPY260605C00790000,0.16999999999999998,0.1146501212801816,0.16884943842887878,-0.0011505615711212003,0.22112414240837097,0.4330706298351288,transition_uncertainty,"(0.010953739079171, 3.889155618166566e-05, 0.9890073693639776)",SELL,0.0,0.0,0.010953739079171,3.889155618166566e-05,0.9890073693639776
2026-05-05T00:00:00Z,SPY,SPY260605C00795000,0.13,0.08904360504179731,0.14062179625034332,0.010621796250343318,0.1558583825826645,0.2828412652015686,transition_uncertainty,"(0.010953739079171, 3.889155618166566e-05, 0.9890073693639776)",BUY,0.0,0.0,0.010953739079171,3.889155618166566e-05,0.9890073693639776
2026-05-05T00:00:00Z,SPY,SPY260605C00800000,0.11,0.07772011645462218,0.1223413273692131,0.012341327369213104,0.11477237939834595,0.19376473128795624,transition_uncertainty,"(0.010953739079171, 3.889155618166566e-05, 0.9890073693639776)",BUY,0.0,0.0,0.010953739079171,3.889155618166566e-05,0.9890073693639776
2026-05-05T00:00:00Z,SPY,SPY260612C00677000,60.495000000000005,58.34495828686704,60.599822998046875,0.10482299804687045,10.242880821228027,-0.6558638215065002,transition_uncertainty,"(0.010953739079171, 3.889155618166566e-05, 0.9890073693639776)",BUY,0.0,0.0,0.010953739079171,3.889155618166566e-05,0.9890073693639776
2026-05-05T00:00:00Z,SPY,SPY260612C00679000,58.644999999999996,56.520253262114124,58.71579360961914,0.0707936096191446,10.227591514587402,-0.6533719301223755,transition_uncertainty,"(0.010953739079171, 3.889155618166566e-05, 0.9890073693639776)",BUY,0.0,0.0,0.010953739079171,3.889155618166566e-05,0.9890073693639776
2026-05-05T00:00:00Z,SPY,SPY260612C00682000,55.795,53.7939637604851,55.910675048828125,0.1156750488281233,10.203666687011719,-0.6508356332778931,transition_uncertainty,"(0.010953739079171, 3.889155618166566e-05, 0.9890073693639776)",BUY,0.0,0.0,0.010953739079171,3.889155618166566e-05,0.9890073693639776
2026-05-05T00:00:00Z,SPY,SPY260612C00688000,50.31,48.43179490332125,50.380615234375,0.07061523437499773,10.152925491333008,-0.6490311026573181,transition_uncertainty,"(0.010953739079171, 3.889155618166566e-05, 0.9890073693639776)",BUY,0.0,0.0,0.010953739079171,3.889155618166566e-05,0.9890073693639776
2026-05-05T00:00:00Z,SPY,SPY260612C00696000,43.2,41.472926252300965,43.19004821777344,-0.009951782226565342,10.077954292297363,-0.6434724926948547,transition_uncertainty,"(0.010953739079171, 3.889155618166566e-05, 0.9890073693639776)",SELL,0.0,0.0,0.010953739079171,3.889155618166566e-05,0.9890073693639776
2026-05-05T00:00:00Z,SPY,SPY260612C00701000,38.845,37.25354633024972,38.815467834472656,-0.029532165527342613,10.02103042602539,-0.6248752474784851,transition_uncertainty,"(0.010953739079171, 3.889155618166566e-05, 0.9890073693639776)",SELL,0.0,0.0,0.010953739079171,3.889155618166566e-05,0.9890073693639776
2026-05-05T00:00:00Z,SPY,SPY260612C00707000,33.805,32.34476692011691,33.70756912231445,-0.09743087768554659,9.927301406860352,-0.5643885731697083,transition_uncertainty,"(0.010953739079171, 3.889155618166566e-05, 0.9890073693639776)",SELL,0.0,0.0,0.010953739079171,3.889155618166566e-05,0.9890073693639776
2026-05-05T00:00:00Z,SPY,SPY260612C00708000,32.965,31.53526522945964,32.87314987182617,-0.09185012817383154,9.907315254211426,-0.5482982397079468,transition_uncertainty,"(0.010953739079171, 3.889155618166566e-05, 0.9890073693639776)",SELL,0.0,0.0,0.010953739079171,3.889155618166566e-05,0.9890073693639776
2026-05-05T00:00:00Z,SPY,SPY260612C00709000,32.254999999999995,30.747678036622517,32.0440559387207,-0.21094406127929233,9.885674476623535,-0.5300931930541992,transition_uncertainty,"(0.010953739079171, 3.889155618166566e-05, 0.9890073693639776)",SELL,0.0,0.0,0.010953739079171,3.889155618166566e-05,0.9890073693639776
2026-05-05T00:00:00Z,SPY,SPY260612C00710000,31.089999999999996,29.47944222581566,31.22045135498047,0.13045135498047244,9.862214088439941,-0.5096250176429749,transition_uncertainty,"(0.010953739079171, 3.889155618166566e-05, 0.9890073693639776)",BUY,0.0,0.0,0.010953739079171,3.889155618166566e-05,0.9890073693639776
2026-05-05T00:00:00Z,SPY,SPY260612C00715000,27.315,25.611156430042115,27.192760467529297,-0.1222395324707044,9.71093463897705,-0.36864206194877625,transition_uncertainty,"(0.010953739079171, 3.889155618166566e-05, 0.9890073693639776)",SELL,0.0,0.0,0.010953739079171,3.889155618166566e-05,0.9890073693639776
2026-05-05T00:00:00Z,SPY,SPY260612C00720000,23.33,21.49963413742836,23.34006118774414,0.01006118774414233,9.484603881835938,-0.15443730354309082,transition_uncertainty,"(0.010953739079171, 3.889155618166566e-05, 0.9890073693639776)",BUY,0.0,0.0,0.010953739079171,3.889155618166566e-05,0.9890073693639776
2026-05-05T00:00:00Z,SPY,SPY260612C00721000,22.77,21.127643596137943,22.59385871887207,-0.17614128112792926,9.428117752075195,-0.10238153487443924,transition_uncertainty,"(0.010953739079171, 3.889155618166566e-05, 0.9890073693639776)",SELL,0.0,0.0,0.010953739079171,3.889155618166566e-05,0.9890073693639776
2026-05-05T00:00:00Z,SPY,SPY260612C00722000,21.625,20.143015651551764,21.856578826904297,0.23157882690429688,9.367465019226074,-0.047340258955955505,transition_uncertainty,"(0.010953739079171, 3.889155618166566e-05, 0.9890073693639776)",BUY,0.0,0.0,0.010953739079171,3.889155618166566e-05,0.9890073693639776
2026-05-05T00:00:00Z,SPY,SPY260612C00723000,21.33,20.394735862611753,21.1285400390625,-0.2014599609374983,9.302477836608887,0.010591620579361916,transition_uncertainty,"(0.010953739079171, 3.889155618166566e-05, 0.9890073693639776)",SELL,0.0,0.0,0.010953739079171,3.889155618166566e-05,0.9890073693639776
2026-05-05T00:00:00Z,SPY,SPY260612C00724000,20.64,19.727434667141665,20.410125732421875,-0.22987426757812557,9.233009338378906,0.07128474116325378,transition_uncertainty,"(0.010953739079171, 3.889155618166566e-05, 0.9890073693639776)",SELL,0.0,0.0,0.010953739079171,3.889155618166566e-05,0.9890073693639776
2026-05-05T00:00:00Z,SPY,SPY260612C00725000,19.83,17.461464591404763,19.70166015625,-0.1283398437499983,9.15893268585205,0.13458098471164703,transition_uncertainty,"(0.010953739079171, 3.889155618166566e-05, 0.9890073693639776)",SELL,0.0,0.0,0.010953739079171,3.889155618166566e-05,0.9890073693639776
2026-05-05T00:00:00Z,SPY,SPY260612C00726000,19.18,17.54947711943504,19.003522872924805,-0.17647712707519503,9.080137252807617,0.20028571784496307,transition_uncertainty,"(0.010953739079171, 3.889155618166566e-05, 0.9890073693639776)",SELL,0.0,0.0,0.010953739079171,3.889155618166566e-05,0.9890073693639776
2026-05-05T00:00:00Z,SPY,SPY260612C00728000,17.73,16.018812418195637,17.639673233032227,-0.09032676696777386,8.908087730407715,0.33799493312835693,transition_uncertainty,"(0.010953739079171, 3.889155618166566e-05, 0.9890073693639776)",SELL,0.0,0.0,0.010953739079171,3.889155618166566e-05,0.9890073693639776
2026-05-05T00:00:00Z,SPY,SPY260612C00729000,17.345,15.777658252562162,16.97466468811035,-0.3703353118896473,8.814732551574707,0.40946149826049805,transition_uncertainty,"(0.010953739079171, 3.889155618166566e-05, 0.9890073693639776)",SELL,0.0,0.0,0.010953739079171,3.889155618166566e-05,0.9890073693639776
2026-05-05T00:00:00Z,SPY,SPY260612C00730000,16.205,14.291867281542693,16.321392059326172,0.11639205932617358,8.716475486755371,0.48227453231811523,transition_uncertainty,"(0.010953739079171, 3.889155618166566e-05, 0.9890073693639776)",BUY,0.0,0.0,0.010953739079171,3.889155618166566e-05,0.9890073693639776
2026-05-05T00:00:00Z,SPY,SPY260612C00731000,16.03,14.462813752089687,15.680160522460938,-0.34983947753906364,8.613336563110352,0.556087076663971,transition_uncertainty,"(0.010953739079171, 3.889155618166566e-05, 0.9890073693639776)",SELL,0.0,0.0,0.010953739079171,3.889155618166566e-05,0.9890073693639776
2026-05-05T00:00:00Z,SPY,SPY260612C00732000,15.16,13.014574504114137,15.051316261291504,-0.10868373870849624,8.505367279052734,0.6305611729621887,transition_uncertainty,"(0.010953739079171, 3.889155618166566e-05, 0.9890073693639776)",SELL,0.0,0.0,0.010953739079171,3.889155618166566e-05,0.9890073693639776
2026-05-05T00:00:00Z,SPY,SPY260612C00733000,14.55,12.455834015878679,14.43515396118164,-0.11484603881836009,8.39265251159668,0.705338716506958,transition_uncertainty,"(0.010953739079171, 3.889155618166566e-05, 0.9890073693639776)",SELL,0.0,0.0,0.010953739079171,3.889155618166566e-05,0.9890073693639776
2026-05-05T00:00:00Z,SPY,SPY260612C00734000,13.940000000000001,11.898250057364976,13.831954956054688,-0.10804504394531378,8.275307655334473,0.7800213694572449,transition_uncertainty,"(0.010953739079171, 3.889155618166566e-05, 0.9890073693639776)",SELL,0.0,0.0,0.010953739079171,3.889155618166566e-05,0.9890073693639776
2026-05-05T00:00:00Z,SPY,SPY260612C00735000,13.350000000000001,11.360331482745949,13.241975784301758,-0.10802421569824361,8.153465270996094,0.8542568683624268,transition_uncertainty,"(0.010953739079171, 3.889155618166566e-05, 0.9890073693639776)",SELL,0.0,0.0,0.010953739079171,3.889155618166566e-05,0.9890073693639776
2026-05-05T00:00:00Z,SPY,SPY260612C00736000,12.77,10.833843134561107,12.665457725524902,-0.10454227447509723,8.027301788330078,0.9276528358459473,transition_uncertainty,"(0.010953739079171, 3.889155618166566e-05, 0.9890073693639776)",SELL,0.0,0.0,0.010953739079171,3.889155618166566e-05,0.9890073693639776
2026-05-05T00:00:00Z,SPY,SPY260612C00737000,12.2,10.317620256459804,12.102621078491211,-0.09737892150878835,7.897009372711182,0.9998653531074524,transition_uncertainty,"(0.010953739079171, 3.889155618166566e-05, 0.9890073693639776)",SELL,0.0,0.0,0.010953739079171,3.889155618166566e-05,0.9890073693639776
2026-05-05T00:00:00Z,SPY,SPY260612C00738000,11.645,9.811904498043987,11.55366039276123,-0.0913396072387691,7.762818336486816,1.070528507232666,transition_uncertainty,"(0.010953739079171, 3.889155618166566e-05, 0.9890073693639776)",SELL,0.0,0.0,0.010953739079171,3.889155618166566e-05,0.9890073693639776
2026-05-05T00:00:00Z,SPY,SPY260612C00739000,11.105,9.326431413233422,11.018728256225586,-0.08627174377441449,7.624965667724609,1.139337182044983,transition_uncertainty,"(0.010953739079171, 3.889155618166566e-05, 0.9890073693639776)",SELL,0.0,0.0,0.010953739079171,3.889155618166566e-05,0.9890073693639776
2026-05-05T00:00:00Z,SPY,SPY260612C00740000,10.58,8.861170469344927,10.497963905334473,-0.08203609466552741,7.483713150024414,1.206007957458496,transition_uncertainty,"(0.010953739079171, 3.889155618166566e-05, 0.9890073693639776)",SELL,0.0,0.0,0.010953739079171,3.889155618166566e-05,0.9890073693639776
2026-05-05T00:00:00Z,SPY,SPY260612C00741000,10.07,8.405411262430647,9.991491317749023,-0.07850868225097685,7.339343547821045,1.2703351974487305,transition_uncertainty,"(0.010953739079171, 3.889155618166566e-05, 0.9890073693639776)",SELL,0.0,0.0,0.010953739079171,3.889155618166566e-05,0.9890073693639776
2026-05-05T00:00:00Z,SPY,SPY260612C00742000,9.57,7.960705151990766,9.499350547790527,-0.07064945220947294,7.192134857177734,1.3321608304977417,transition_uncertainty,"(0.010953739079171, 3.889155618166566e-05, 0.9890073693639776)",SELL,0.0,0.0,0.010953739079171,3.889155618166566e-05,0.9890073693639776
2026-05-05T00:00:00Z,SPY,SPY260612C00743000,9.09,7.535019280155183,9.021632194519043,-0.06836780548095689,7.042387008666992,1.3914228677749634,transition_uncertainty,"(0.010953739079171, 3.889155618166566e-05, 0.9890073693639776)",SELL,0.0,0.0,0.010953739079171,3.889155618166566e-05,0.9890073693639776
2026-05-05T00:00:00Z,SPY,SPY260612C00744000,8.625,7.120551441659757,8.558335304260254,-0.0666646957397461,6.890377044677734,1.448161005973816,transition_uncertainty,"(0.010953739079171, 3.889155618166566e-05, 0.9890073693639776)",SELL,0.0,0.0,0.010953739079171,3.889155618166566e-05,0.9890073693639776
2026-05-05T00:00:00Z,SPY,SPY260612C00745000,8.175,6.723753762092713,8.109445571899414,-0.06555442810058665,6.736379623413086,1.5025572776794434,transition_uncertainty,"(0.010953739079171, 3.889155618166566e-05, 0.9890073693639776)",SELL,0.0,0.0,0.010953739079171,3.889155618166566e-05,0.9890073693639776
2026-05-05T00:00:00Z,SPY,SPY260612C00746000,7.734999999999999,6.339525328716633,7.6749444007873535,-0.060055599212645916,6.5806474685668945,1.5549222230911255,transition_uncertainty,"(0.010953739079171, 3.889155618166566e-05, 0.9890073693639776)",SELL,0.0,0.0,0.010953739079171,3.889155618166566e-05,0.9890073693639776
2026-05-05T00:00:00Z,SPY,SPY260612C00747000,7.3149999999999995,5.972793190260745,7.254777908325195,-0.06022209167480419,6.423408508300781,1.6057393550872803,transition_uncertainty,"(0.010953739079171, 3.889155618166566e-05, 0.9890073693639776)",SELL,0.0,0.0,0.010953739079171,3.889155618166566e-05,0.9890073693639776
2026-05-05T00:00:00Z,SPY,SPY260612C00748000,6.91,5.625716608991155,6.848865032196045,-0.06113496780395522,6.2648420333862305,1.6556758880615234,transition_uncertainty,"(0.010953739079171, 3.889155618166566e-05, 0.9890073693639776)",SELL,0.0,0.0,0.010953739079171,3.889155618166566e-05,0.9890073693639776
2026-05-05T00:00:00Z,SPY,SPY260612C00749000,6.52,5.28854273842677,6.457115173339844,-0.06288482666015582,6.105082035064697,1.7055811882019043,transition_uncertainty,"(0.010953739079171, 3.889155618166566e-05, 0.9890073693639776)",SELL,0.0,0.0,0.010953739079171,3.889155618166566e-05,0.9890073693639776
2026-05-05T00:00:00Z,SPY,SPY260612C00750000,6.145,4.961411859971008,6.0794267654418945,-0.06557323455810504,5.944201946258545,1.7564904689788818,transition_uncertainty,"(0.010953739079171, 3.889155618166566e-05, 0.9890073693639776)",SELL,0.0,0.0,0.010953739079171,3.889155618166566e-05,0.9890073693639776
2026-05-05T00:00:00Z,SPY,SPY260612C00755000,4.49,3.5511411611570054,4.397857666015625,-0.09214233398437521,5.120684623718262,2.0706379413604736,transition_uncertainty,"(0.010953739079171, 3.889155618166566e-05, 0.9890073693639776)",SELL,0.0,0.0,0.010953739079171,3.889155618166566e-05,0.9890073693639776
2026-05-05T00:00:00Z,SPY,SPY260612C00760000,3.19,2.473263475900737,3.05192494392395,-0.13807505607604975,4.243313789367676,2.5695981979370117,transition_uncertainty,"(0.010953739079171, 3.889155618166566e-05, 0.9890073693639776)",SELL,0.0,0.0,0.010953739079171,3.889155618166566e-05,0.9890073693639776
2026-05-05T00:00:00Z,SPY,SPY260612C00765000,2.2,1.6719423888501979,2.0323879718780518,-0.16761202812194842,3.2936482429504395,3.097883701324463,transition_uncertainty,"(0.010953739079171, 3.889155618166566e-05, 0.9890073693639776)",SELL,0.0,0.0,0.010953739079171,3.889155618166566e-05,0.9890073693639776
2026-05-05T00:00:00Z,SPY,SPY260612C00770000,1.49,1.113681338236411,1.3195263147354126,-0.1704736852645874,2.349271059036255,3.1568450927734375,transition_uncertainty,"(0.010953739079171, 3.889155618166566e-05, 0.9890073693639776)",SELL,0.0,0.0,0.010953739079171,3.889155618166566e-05,0.9890073693639776
2026-05-05T00:00:00Z,SPY,SPY260612C00775000,0.995,0.7295329033598534,0.8615347146987915,-0.1334652853012085,1.561566710472107,2.6023569107055664,transition_uncertainty,"(0.010953739079171, 3.889155618166566e-05, 0.9890073693639776)",SELL,0.0,0.0,0.010953739079171,3.889155618166566e-05,0.9890073693639776
2026-05-05T00:00:00Z,SPY,SPY260612C00780000,0.67,0.48293222673856917,0.5834002494812012,-0.08659975051879887,1.0076735019683838,1.8421258926391602,transition_uncertainty,"(0.010953739079171, 3.889155618166566e-05, 0.9890073693639776)",SELL,0.0,0.0,0.010953739079171,3.889155618166566e-05,0.9890073693639776
2026-05-05T00:00:00Z,SPY,SPY260612C00785000,0.45999999999999996,0.3312636802799105,0.41688263416290283,-0.04311736583709713,0.6563339829444885,1.2159721851348877,transition_uncertainty,"(0.010953739079171, 3.889155618166566e-05, 0.9890073693639776)",SELL,0.0,0.0,0.010953739079171,3.889155618166566e-05,0.9890073693639776
2026-05-05T00:00:00Z,SPY,SPY260612C00790000,0.33,0.2375241935350232,0.31542134284973145,-0.01457865715026857,0.4412194788455963,0.7933275699615479,transition_uncertainty,"(0.010953739079171, 3.889155618166566e-05, 0.9890073693639776)",SELL,0.0,0.0,0.010953739079171,3.889155618166566e-05,0.9890073693639776
2026-05-05T00:00:00Z,SPY,SPY260612C00800000,0.185,0.13300281409577686,0.20980492234230042,0.024804922342300417,0.2243853062391281,0.3619377315044403,transition_uncertainty,"(0.010953739079171, 3.889155618166566e-05, 0.9890073693639776)",BUY,0.0,0.0,0.010953739079171,3.889155618166566e-05,0.9890073693639776
2026-05-05T00:00:00Z,SPY,SPY260618C00660000,77.12,74.76445804395587,77.24052429199219,0.12052429199218295,9.966225624084473,-0.5735686421394348,transition_uncertainty,"(0.010953739079171, 3.889155618166566e-05, 0.9890073693639776)",BUY,0.0,0.0,0.010953739079171,3.889155618166566e-05,0.9890073693639776
2026-05-05T00:00:00Z,SPY,SPY260618C00665000,72.38,70.09021466651632,72.41232299804688,0.03232299804687955,9.92780590057373,-0.5565069913864136,transition_uncertainty,"(0.010953739079171, 3.889155618166566e-05, 0.9890073693639776)",BUY,0.0,0.0,0.010953739079171,3.889155618166566e-05,0.9890073693639776
2026-05-05T00:00:00Z,SPY,SPY260618C00666000,71.435,69.1658990831155,71.45341491699219,0.018414916992185226,9.91923713684082,-0.5532767176628113,transition_uncertainty,"(0.010953739079171, 3.889155618166566e-05, 0.9890073693639776)",BUY,0.0,0.0,0.010953739079171,3.889155618166566e-05,0.9890073693639776
2026-05-05T00:00:00Z,SPY,SPY260618C00669000,68.61500000000001,66.38773378048268,68.59080505371094,-0.024194946289071595,9.891871452331543,-0.5441012382507324,transition_uncertainty,"(0.010953739079171, 3.889155618166566e-05, 0.9890073693639776)",SELL,0.0,0.0,0.010953739079171,3.889155618166566e-05,0.9890073693639776
2026-05-05T00:00:00Z,SPY,SPY260618C00670000,67.67500000000001,65.4641458722316,67.64147186279297,-0.03352813720704262,9.882219314575195,-0.5412425398826599,transition_uncertainty,"(0.010953739079171, 3.889155618166566e-05, 0.9890073693639776)",SELL,0.0,0.0,0.010953739079171,3.889155618166566e-05,0.9890073693639776
2026-05-05T00:00:00Z,SPY,SPY260618C00673000,64.875,62.69911225504461,64.80889129638672,-0.06610870361328125,9.851788520812988,-0.5333756804466248,transition_uncertainty,"(0.010953739079171, 3.889155618166566e-05, 0.9890073693639776)",SELL,0.0,0.0,0.010953739079171,3.889155618166566e-05,0.9890073693639776
2026-05-05T00:00:00Z,SPY,SPY260618C00675000,63.015,60.870784834660356,62.9337158203125,-0.08128417968750057,9.830368995666504,-0.5287896990776062,transition_uncertainty,"(0.010953739079171, 3.889155618166566e-05, 0.9890073693639776)",SELL,0.0,0.0,0.010953739079171,3.889155618166566e-05,0.9890073693639776
2026-05-05T00:00:00Z,SPY,SPY260618C00678000,60.245000000000005,58.15018268598726,60.14167785644531,-0.10332214355469205,9.796724319458008,-0.5229970216751099,transition_uncertainty,"(0.010953739079171, 3.889155618166566e-05, 0.9890073693639776)",SELL,0.0,0.0,0.010953739079171,3.889155618166566e-05,0.9890073693639776
2026-05-05T00:00:00Z,SPY,SPY260618C00680000,58.405,56.34506457086229,58.29469299316406,-0.11030700683593864,9.773407936096191,-0.5198842883110046,transition_uncertainty,"(0.010953739079171, 3.889155618166566e-05, 0.9890073693639776)",SELL,0.0,0.0,0.010953739079171,3.889155618166566e-05,0.9890073693639776
2026-05-05T00:00:00Z,SPY,SPY260618C00681000,57.489999999999995,55.45219708613445,57.37564468383789,-0.11435531616210426,9.76150894165039,-0.5185503363609314,transition_uncertainty,"(0.010953739079171, 3.889155618166566e-05, 0.9890073693639776)",SELL,0.0,0.0,0.010953739079171,3.889155618166566e-05,0.9890073693639776
2026-05-05T00:00:00Z,SPY,SPY260618C00685000,53.849999999999994,51.884637248611625,53.730194091796875,-0.11980590820311932,9.71249771118164,-0.5145392417907715,transition_uncertainty,"(0.010953739079171, 3.889155618166566e-05, 0.9890073693639776)",SELL,0.0,0.0,0.010953739079171,3.889155618166566e-05,0.9890073693639776
2026-05-05T00:00:00Z,SPY,SPY260618C00690000,49.370000000000005,47.50410509598271,49.24604797363281,-0.12395202636719205,9.64831256866455,-0.5113867521286011,transition_uncertainty,"(0.010953739079171, 3.889155618166566e-05, 0.9890073693639776)",SELL,0.0,0.0,0.010953739079171,3.889155618166566e-05,0.9890073693639776
2026-05-05T00:00:00Z,SPY,SPY260618C00695000,44.955,43.1919315840928,44.84858703613281,-0.1064129638671858,9.580248832702637,-0.506877064704895,transition_uncertainty,"(0.010953739079171, 3.889155618166566e-05, 0.9890073693639776)",SELL,0.0,0.0,0.010953739079171,3.889155618166566e-05,0.9890073693639776
2026-05-05T00:00:00Z,SPY,SPY260618C00697000,43.215,41.49938285317654,43.11555480957031,-0.09944519042969091,9.551383972167969,-0.5033429861068726,transition_uncertainty,"(0.010953739079171, 3.889155618166566e-05, 0.9890073693639776)",SELL,0.0,0.0,0.010953739079171,3.889155618166566e-05,0.9890073693639776
2026-05-05T00:00:00Z,SPY,SPY260618C00699000,41.485,39.81615898590837,41.39822006225586,-0.08677993774414006,9.521139144897461,-0.49801430106163025,transition_uncertainty,"(0.010953739079171, 3.889155618166566e-05, 0.9890073693639776)",SELL,0.0,0.0,0.010953739079171,3.889155618166566e-05,0.9890073693639776
2026-05-05T00:00:00Z,SPY,SPY260618C00700000,40.625,38.98042127176251,40.54560089111328,-0.07939910888671875,9.505365371704102,-0.49447351694107056,transition_uncertainty,"(0.010953739079171, 3.889155618166566e-05, 0.9890073693639776)",SELL,0.0,0.0,0.010953739079171,3.889155618166566e-05,0.9890073693639776
2026-05-05T00:00:00Z,SPY,SPY260618C00701000,39.775,38.1550614480613,39.69718551635742,-0.0778144836425767,9.489075660705566,-0.49022912979125977,transition_uncertainty,"(0.010953739079171, 3.889155618166566e-05, 0.9890073693639776)",SELL,0.0,0.0,0.010953739079171,3.889155618166566e-05,0.9890073693639776
2026-05-05T00:00:00Z,SPY,SPY260618C00705000,36.4,34.879137653649934,36.34736633300781,-0.05263366699218608,9.417171478271484,-0.4642324447631836,transition_uncertainty,"(0.010953739079171, 3.889155618166566e-05, 0.9890073693639776)",SELL,0.0,0.0,0.010953739079171,3.889155618166566e-05,0.9890073693639776
2026-05-05T00:00:00Z,SPY,SPY260618C00710000,32.3,30.887573347329692,32.26832580566406,-0.03167419433593466,9.304617881774902,-0.40331199765205383,transition_uncertainty,"(0.010953739079171, 3.889155618166566e-05, 0.9890073693639776)",SELL,0.0,0.0,0.010953739079171,3.889155618166566e-05,0.9890073693639776
2026-05-05T00:00:00Z,SPY,SPY260618C00711000,31.494999999999997,30.149164991609098,31.468481063842773,-0.026518936157224005,9.27786922454834,-0.3862186372280121,transition_uncertainty,"(0.010953739079171, 3.889155618166566e-05, 0.9890073693639776)",SELL,0.0,0.0,0.010953739079171,3.889155618166566e-05,0.9890073693639776
2026-05-05T00:00:00Z,SPY,SPY260618C00713000,29.86,28.50706482766242,29.886213302612305,0.026213302612305256,9.218990325927734,-0.3462699055671692,transition_uncertainty,"(0.010953739079171, 3.889155618166566e-05, 0.9890073693639776)",BUY,0.0,0.0,0.010953739079171,3.889155618166566e-05,0.9890073693639776
2026-05-05T00:00:00Z,SPY,SPY260618C00715000,28.325,26.94967521735009,28.328609466552734,0.0036094665527350855,9.151890754699707,-0.29802221059799194,transition_uncertainty,"(0.010953739079171, 3.889155618166566e-05, 0.9890073693639776)",BUY,0.0,0.0,0.010953739079171,3.889155618166566e-05,0.9890073693639776
2026-05-05T00:00:00Z,SPY,SPY260618C00718000,26.035,24.666288540349,26.042552947998047,0.007552947998046733,9.032999038696289,-0.20883145928382874,transition_uncertainty,"(0.010953739079171, 3.889155618166566e-05, 0.9890073693639776)",BUY,0.0,0.0,0.010953739079171,3.889155618166566e-05,0.9890073693639776
2026-05-05T00:00:00Z,SPY,SPY260618C00720000,24.545,22.182109701208276,24.555110931396484,0.01011093139648267,8.939672470092773,-0.13767623901367188,transition_uncertainty,"(0.010953739079171, 3.889155618166566e-05, 0.9890073693639776)",BUY,0.0,0.0,0.010953739079171,3.889155618166566e-05,0.9890073693639776
2026-05-05T00:00:00Z,SPY,SPY260618C00721000,23.83,22.00020235287019,23.823192596435547,-0.00680740356445142,8.888315200805664,-0.09856727719306946,transition_uncertainty,"(0.010953739079171, 3.889155618166566e-05, 0.9890073693639776)",SELL,0.0,0.0,0.010953739079171,3.889155618166566e-05,0.9890073693639776
2026-05-05T00:00:00Z,SPY,SPY260618C00722000,23.060000000000002,21.968673586861826,23.099557876586914,0.03955787658691179,8.833636283874512,-0.05714147537946701,transition_uncertainty,"(0.010953739079171, 3.889155618166566e-05, 0.9890073693639776)",BUY,0.0,0.0,0.010953739079171,3.889155618166566e-05,0.9890073693639776
2026-05-05T00:00:00Z,SPY,SPY260618C00725000,20.97,18.765310231338844,20.98125457763672,0.011254577636719887,8.648340225219727,0.0803973376750946,transition_uncertainty,"(0.010953739079171, 3.889155618166566e-05, 0.9890073693639776)",BUY,0.0,0.0,0.010953739079171,3.889155618166566e-05,0.9890073693639776
2026-05-05T00:00:00Z,SPY,SPY260618C00726000,20.57,18.893593102401837,20.293716430664062,-0.2762835693359378,8.579113960266113,0.1303344964981079,transition_uncertainty,"(0.010953739079171, 3.889155618166566e-05, 0.9890073693639776)",SELL,0.0,0.0,0.010953739079171,3.889155618166566e-05,0.9890073693639776
2026-05-05T00:00:00Z,SPY,SPY260618C00728000,18.875,17.68407475955553,18.94835662841797,0.07335662841796875,8.428954124450684,0.2355128824710846,transition_uncertainty,"(0.010953739079171, 3.889155618166566e-05, 0.9890073693639776)",BUY,0.0,0.0,0.010953739079171,3.889155618166566e-05,0.9890073693639776
2026-05-05T00:00:00Z,SPY,SPY260618C00729000,18.205,16.84286084491822,18.291156768798828,0.08615676879882983,8.347909927368164,0.29039883613586426,transition_uncertainty,"(0.010953739079171, 3.889155618166566e-05, 0.9890073693639776)",BUY,0.0,0.0,0.010953739079171,3.889155618166566e-05,0.9890073693639776
2026-05-05T00:00:00Z,SPY,SPY260618C00730000,17.6,15.600957570677906,17.644676208496094,0.04467620849609233,8.262850761413574,0.3465452790260315,transition_uncertainty,"(0.010953739079171, 3.889155618166566e-05, 0.9890073693639776)",BUY,0.0,0.0,0.010953739079171,3.889155618166566e-05,0.9890073693639776
2026-05-05T00:00:00Z,SPY,SPY260618C00731000,16.945,14.934617899434556,17.009187698364258,0.06418769836425753,8.173766136169434,0.4037282168865204,transition_uncertainty,"(0.010953739079171, 3.889155618166566e-05, 0.9890073693639776)",BUY,0.0,0.0,0.010953739079171,3.889155618166566e-05,0.9890073693639776
2026-05-05T00:00:00Z,SPY,SPY260618C00732000,16.315,14.348332534190604,16.385005950927734,0.0700059509277331,8.080681800842285,0.46171075105667114,transition_uncertainty,"(0.010953739079171, 3.889155618166566e-05, 0.9890073693639776)",BUY,0.0,0.0,0.010953739079171,3.889155618166566e-05,0.9890073693639776
2026-05-05T00:00:00Z,SPY,SPY260618C00733000,15.695,13.771991187238655,15.772392272949219,0.07739227294921847,7.983638763427734,0.5202217102050781,transition_uncertainty,"(0.010953739079171, 3.889155618166566e-05, 0.9890073693639776)",BUY,0.0,0.0,0.010953739079171,3.889155618166566e-05,0.9890073693639776
2026-05-05T00:00:00Z,SPY,SPY260618C00734000,15.085,13.207320203781933,15.171609878540039,0.08660987854003821,7.882699966430664,0.5790089964866638,transition_uncertainty,"(0.010953739079171, 3.889155618166566e-05, 0.9890073693639776)",BUY,0.0,0.0,0.010953739079171,3.889155618166566e-05,0.9890073693639776
2026-05-05T00:00:00Z,SPY,SPY260618C00735000,14.495000000000001,12.662061123017224,14.582894325256348,0.08789432525634666,7.777951240539551,0.6377980709075928,transition_uncertainty,"(0.010953739079171, 3.889155618166566e-05, 0.9890073693639776)",BUY,0.0,0.0,0.010953739079171,3.889155618166566e-05,0.9890073693639776
2026-05-05T00:00:00Z,SPY,SPY260618C00736000,13.905,12.118262013886465,14.006473541259766,0.10147354125976626,7.669506072998047,0.6963075399398804,transition_uncertainty,"(0.010953739079171, 3.889155618166566e-05, 0.9890073693639776)",BUY,0.0,0.0,0.010953739079171,3.889155618166566e-05,0.9890073693639776
2026-05-05T00:00:00Z,SPY,SPY260618C00737000,13.34,11.594189233904842,13.442562103271484,0.10256210327148452,7.557494163513184,0.7542605400085449,transition_uncertainty,"(0.010953739079171, 3.889155618166566e-05, 0.9890073693639776)",BUY,0.0,0.0,0.010953739079171,3.889155618166566e-05,0.9890073693639776
2026-05-05T00:00:00Z,SPY,SPY260618C00738000,12.785,11.08987946715888,12.891348838806152,0.1063488388061522,7.442074775695801,0.8113880157470703,transition_uncertainty,"(0.010953739079171, 3.889155618166566e-05, 0.9890073693639776)",BUY,0.0,0.0,0.010953739079171,3.889155618166566e-05,0.9890073693639776
2026-05-05T00:00:00Z,SPY,SPY260618C00739000,12.24,10.586147904091717,12.352994918823242,0.11299491882324197,7.323416709899902,0.8674247860908508,transition_uncertainty,"(0.010953739079171, 3.889155618166566e-05, 0.9890073693639776)",BUY,0.0,0.0,0.010953739079171,3.889155618166566e-05,0.9890073693639776
2026-05-05T00:00:00Z,SPY,SPY260618C00740000,11.71,10.102416695291424,11.827646255493164,0.11764625549316321,7.201712131500244,0.9221225380897522,transition_uncertainty,"(0.010953739079171, 3.889155618166566e-05, 0.9890073693639776)",BUY,0.0,0.0,0.010953739079171,3.889155618166566e-05,0.9890073693639776
2026-05-05T00:00:00Z,SPY,SPY260618C00741000,11.195,9.638629448620634,11.315437316894531,0.12043731689453097,7.077173233032227,0.9752514362335205,transition_uncertainty,"(0.010953739079171, 3.889155618166566e-05, 0.9890073693639776)",BUY,0.0,0.0,0.010953739079171,3.889155618166566e-05,0.9890073693639776
2026-05-05T00:00:00Z,SPY,SPY260618C00742000,10.690000000000001,9.176000812679632,10.81643295288086,0.1264329528808581,6.950016021728516,1.0266119241714478,transition_uncertainty,"(0.010953739079171, 3.889155618166566e-05, 0.9890073693639776)",BUY,0.0,0.0,0.010953739079171,3.889155618166566e-05,0.9890073693639776
2026-05-05T00:00:00Z,SPY,SPY260618C00743000,10.2,8.732027262993967,10.330744743347168,0.13074474334716868,6.820478916168213,1.0760385990142822,transition_uncertainty,"(0.010953739079171, 3.889155618166566e-05, 0.9890073693639776)",BUY,0.0,0.0,0.010953739079171,3.889155618166566e-05,0.9890073693639776
2026-05-05T00:00:00Z,SPY,SPY260618C00744000,9.725,8.308004066124482,9.858393669128418,0.13339366912841832,6.688796520233154,1.1233981847763062,transition_uncertainty,"(0.010953739079171, 3.889155618166566e-05, 0.9890073693639776)",BUY,0.0,0.0,0.010953739079171,3.889155618166566e-05,0.9890073693639776
2026-05-05T00:00:00Z,SPY,SPY260618C00745000,9.265,7.894008796410503,9.399397850036621,0.13439785003662053,6.555210113525391,1.1686233282089233,transition_uncertainty,"(0.010953739079171, 3.889155618166566e-05, 0.9890073693639776)",BUY,0.0,0.0,0.010953739079171,3.889155618166566e-05,0.9890073693639776
2026-05-05T00:00:00Z,SPY,SPY260618C00746000,8.82,7.491544612943699,8.953767776489258,0.13376777648925753,6.419967174530029,1.2117056846618652,transition_uncertainty,"(0.010953739079171, 3.889155618166566e-05, 0.9890073693639776)",BUY,0.0,0.0,0.010953739079171,3.889155618166566e-05,0.9890073693639776
2026-05-05T00:00:00Z,SPY,SPY260618C00747000,8.379999999999999,7.0966350025081795,8.521476745605469,0.14147674560546974,6.283297538757324,1.252701997756958,transition_uncertainty,"(0.010953739079171, 3.889155618166566e-05, 0.9890073693639776)",BUY,0.0,0.0,0.010953739079171,3.889155618166566e-05,0.9890073693639776
2026-05-05T00:00:00Z,SPY,SPY260618C00748000,7.96,6.7228154550724355,8.102470397949219,0.14247039794921879,6.145428657531738,1.2917561531066895,transition_uncertainty,"(0.010953739079171, 3.889155618166566e-05, 0.9890073693639776)",BUY,0.0,0.0,0.010953739079171,3.889155618166566e-05,0.9890073693639776
2026-05-05T00:00:00Z,SPY,SPY260618C00749000,7.5600000000000005,6.368377024185776,7.696681976318359,0.13668197631835888,6.006570339202881,1.3291033506393433,transition_uncertainty,"(0.010953739079171, 3.889155618166566e-05, 0.9890073693639776)",BUY,0.0,0.0,0.010953739079171,3.889155618166566e-05,0.9890073693639776
2026-05-05T00:00:00Z,SPY,SPY260618C00750000,7.17,6.022661952591022,7.3040242195129395,0.13402421951293952,5.866902828216553,1.3650753498077393,transition_uncertainty,"(0.010953739079171, 3.889155618166566e-05, 0.9890073693639776)",BUY,0.0,0.0,0.010953739079171,3.889155618166566e-05,0.9890073693639776
2026-05-05T00:00:00Z,SPY,SPY260618C00751000,6.79,5.687068577450276,6.924395561218262,0.13439556121826168,5.72658634185791,1.4001168012619019,transition_uncertainty,"(0.010953739079171, 3.889155618166566e-05, 0.9890073693639776)",BUY,0.0,0.0,0.010953739079171,3.889155618166566e-05,0.9890073693639776
2026-05-05T00:00:00Z,SPY,SPY260618C00755000,5.42,4.487479290292754,5.533581256866455,0.11358125686645515,5.1606059074401855,1.5433601140975952,transition_uncertainty,"(0.010953739079171, 3.889155618166566e-05, 0.9890073693639776)",BUY,0.0,0.0,0.010953739079171,3.889155618166566e-05,0.9890073693639776
2026-05-05T00:00:00Z,SPY,SPY260618C00760000,4.005,3.2648317522072006,4.0719146728515625,0.0669146728515626,4.4401326179504395,1.7868168354034424,transition_uncertainty,"(0.010953739079171, 3.889155618166566e-05, 0.9890073693639776)",BUY,0.0,0.0,0.010953739079171,3.889155618166566e-05,0.9890073693639776
2026-05-05T00:00:00Z,SPY,SPY260618C00765000,2.9,2.328257412330032,2.9026734828948975,0.0026734828948975498,3.687898635864258,2.146847724914551,transition_uncertainty,"(0.010953739079171, 3.889155618166566e-05, 0.9890073693639776)",BUY,0.0,0.0,0.010953739079171,3.889155618166566e-05,0.9890073693639776
2026-05-05T00:00:00Z,SPY,SPY260618C00770000,2.0549999999999997,1.6240757369985488,2.011087656021118,-0.04391234397888155,2.901320457458496,2.477954387664795,transition_uncertainty,"(0.010953739079171, 3.889155618166566e-05, 0.9890073693639776)",SELL,0.0,0.0,0.010953739079171,3.889155618166566e-05,0.9890073693639776
2026-05-05T00:00:00Z,SPY,SPY260618C00775000,1.44,1.1279876300112122,1.373238444328308,-0.06676155567169184,2.1396780014038086,2.4915895462036133,transition_uncertainty,"(0.010953739079171, 3.889155618166566e-05, 0.9890073693639776)",SELL,0.0,0.0,0.010953739079171,3.889155618166566e-05,0.9890073693639776
2026-05-05T00:00:00Z,SPY,SPY260618C00780000,1.005,0.7784590860716349,0.9451191425323486,-0.05988085746765126,1.4969803094863892,2.1240148544311523,transition_uncertainty,"(0.010953739079171, 3.889155618166566e-05, 0.9890073693639776)",SELL,0.0,0.0,0.010953739079171,3.889155618166566e-05,0.9890073693639776
2026-05-05T00:00:00Z,SPY,SPY260618C00785000,0.7,0.5349340398304143,0.6697900295257568,-0.03020997047424312,1.0223056077957153,1.5988640785217285,transition_uncertainty,"(0.010953739079171, 3.889155618166566e-05, 0.9890073693639776)",SELL,0.0,0.0,0.010953739079171,3.889155618166566e-05,0.9890073693639776
2026-05-05T00:00:00Z,SPY,SPY260618C00790000,0.5,0.381160584676568,0.4950072467327118,-0.004992753267288208,0.7008334994316101,1.1272717714309692,transition_uncertainty,"(0.010953739079171, 3.889155618166566e-05, 0.9890073693639776)",SELL,0.0,0.0,0.010953739079171,3.889155618166566e-05,0.9890073693639776
2026-05-05T00:00:00Z,SPY,SPY260618C00795000,0.37,0.2825203648359462,0.3828314542770386,0.012831454277038579,0.4909973442554474,0.779289722442627,transition_uncertainty,"(0.010953739079171, 3.889155618166566e-05, 0.9890073693639776)",BUY,0.0,0.0,0.010953739079171,3.889155618166566e-05,0.9890073693639776
2026-05-05T00:00:00Z,SPY,SPY260618C00800000,0.28,0.21523457481821495,0.30907148122787476,0.02907148122787473,0.3543049097061157,0.5427870750427246,transition_uncertainty,"(0.010953739079171, 3.889155618166566e-05, 0.9890073693639776)",BUY,0.0,0.0,0.010953739079171,3.889155618166566e-05,0.9890073693639776
